PlayerId;Team;NTC;NMC;ELC;UFA;Scholarship;Average Salary;Major 1987;Major 1988;Major 1989;Major 1990;Major 1991;Major 1992;Major 1993;Major 1994;Major 1995;Major 1996;Major 1997;Major 1998;Major 1999;Major 2000;Minor 1987;Minor 1988;Minor 1989;Minor 1990;Minor 1991;Minor 1992;Minor 1993;Minor 1994;Minor 1995;Minor 1996;Minor 1997;Minor 1998;Minor 1999;Minor 2000
21;303;No;No;No;Yes;-;83500;83500;-1;-1;-1;-1;-1;-1;-1;-1;-1;-1;-1;-1;-1;83500;-1;-1;-1;-1;-1;-1;-1;-1;-1;-1;-1;-1;-1
26;3;No;No;No;Yes;-;290000;290000;290000;290000;-1;-1;-1;-1;-1;-1;-1;-1;-1;-1;-1;-1;-1;-1;-1;-1;-1;-1;-1;-1;-1;-1;-1;-1;-1
36;283;No;No;No;Yes;-;230000;230000;-1;-1;-1;-1;-1;-1;-1;-1;-1;-1;-1;-1;-1;230000;-1;-1;-1;-1;-1;-1;-1;-1;-1;-1;-1;-1;-1
38;23;No;No;No;No;-;270000;270000;270000;270000;-1;-1;-1;-1;-1;-1;-1;-1;-1;-1;-1;-1;-1;-1;-1;-1;-1;-1;-1;-1;-1;-1;-1;-1;-1
57;303;No;No;No;No;-;150000;150000;-1;-1;-1;-1;-1;-1;-1;-1;-1;-1;-1;-1;-1;150000;-1;-1;-1;-1;-1;-1;-1;-1;-1;-1;-1;-1;-1
58;25;No;No;No;No;-;65500;65500;65500;65500;-1;-1;-1;-1;-1;-1;-1;-1;-1;-1;-1;-1;-1;-1;-1;-1;-1;-1;-1;-1;-1;-1;-1;-1;-1
72;25;No;No;No;No;-;285000;285000;285000;285000;-1;-1;-1;-1;-1;-1;-1;-1;-1;-1;-1;-1;-1;-1;-1;-1;-1;-1;-1;-1;-1;-1;-1;-1;-1
100;288;No;No;No;No;-;165000;165000;-1;-1;-1;-1;-1;-1;-1;-1;-1;-1;-1;-1;-1;165000;-1;-1;-1;-1;-1;-1;-1;-1;-1;-1;-1;-1;-1
126;279;No;No;No;No;-;30500;30500;30500;-1;-1;-1;-1;-1;-1;-1;-1;-1;-1;-1;-1;-1;-1;-1;-1;-1;-1;-1;-1;-1;-1;-1;-1;-1;-1
141;14;No;No;No;Yes;-;260000;260000;260000;260000;-1;-1;-1;-1;-1;-1;-1;-1;-1;-1;-1;-1;-1;-1;-1;-1;-1;-1;-1;-1;-1;-1;-1;-1;-1
144;288;No;No;No;Yes;-;110000;110000;-1;-1;-1;-1;-1;-1;-1;-1;-1;-1;-1;-1;-1;16500;-1;-1;-1;-1;-1;-1;-1;-1;-1;-1;-1;-1;-1
159;284;No;No;No;Yes;-;170000;170000;-1;-1;-1;-1;-1;-1;-1;-1;-1;-1;-1;-1;-1;170000;-1;-1;-1;-1;-1;-1;-1;-1;-1;-1;-1;-1;-1
188;299;No;No;No;Yes;-;28000;28000;-1;-1;-1;-1;-1;-1;-1;-1;-1;-1;-1;-1;-1;3878;-1;-1;-1;-1;-1;-1;-1;-1;-1;-1;-1;-1;-1
342;291;No;No;No;No;-;180000;180000;-1;-1;-1;-1;-1;-1;-1;-1;-1;-1;-1;-1;-1;180000;-1;-1;-1;-1;-1;-1;-1;-1;-1;-1;-1;-1;-1
382;280;No;No;No;No;-;387000;395000;385000;385000;385000;385000;-1;-1;-1;-1;-1;-1;-1;-1;-1;-1;-1;-1;-1;-1;-1;-1;-1;-1;-1;-1;-1;-1;-1
385;302;No;No;No;No;-;97500;97500;-1;-1;-1;-1;-1;-1;-1;-1;-1;-1;-1;-1;-1;13650;-1;-1;-1;-1;-1;-1;-1;-1;-1;-1;-1;-1;-1
435;24;No;No;No;No;-;78000;78000;78000;78000;-1;-1;-1;-1;-1;-1;-1;-1;-1;-1;-1;-1;-1;-1;-1;-1;-1;-1;-1;-1;-1;-1;-1;-1;-1
437;288;No;No;No;No;-;215000;215000;-1;-1;-1;-1;-1;-1;-1;-1;-1;-1;-1;-1;-1;215000;-1;-1;-1;-1;-1;-1;-1;-1;-1;-1;-1;-1;-1
456;278;No;No;No;No;-;98500;98500;98500;98500;98500;-1;-1;-1;-1;-1;-1;-1;-1;-1;-1;-1;-1;-1;-1;-1;-1;-1;-1;-1;-1;-1;-1;-1;-1
463;291;No;No;No;Yes;-;260000;260000;-1;-1;-1;-1;-1;-1;-1;-1;-1;-1;-1;-1;-1;31200;-1;-1;-1;-1;-1;-1;-1;-1;-1;-1;-1;-1;-1
474;303;No;No;No;No;-;190000;190000;-1;-1;-1;-1;-1;-1;-1;-1;-1;-1;-1;-1;-1;190000;-1;-1;-1;-1;-1;-1;-1;-1;-1;-1;-1;-1;-1
476;18;No;No;No;No;-;30500;30500;30500;-1;-1;-1;-1;-1;-1;-1;-1;-1;-1;-1;-1;-1;-1;-1;-1;-1;-1;-1;-1;-1;-1;-1;-1;-1;-1
494;288;No;No;No;Yes;-;28000;28000;-1;-1;-1;-1;-1;-1;-1;-1;-1;-1;-1;-1;-1;3601;-1;-1;-1;-1;-1;-1;-1;-1;-1;-1;-1;-1;-1
504;298;No;No;No;No;-;150000;150000;-1;-1;-1;-1;-1;-1;-1;-1;-1;-1;-1;-1;-1;150000;-1;-1;-1;-1;-1;-1;-1;-1;-1;-1;-1;-1;-1
510;15;No;No;No;Yes;-;27700;27700;27700;-1;-1;-1;-1;-1;-1;-1;-1;-1;-1;-1;-1;-1;-1;-1;-1;-1;-1;-1;-1;-1;-1;-1;-1;-1;-1
518;291;No;No;No;No;-;125000;125000;-1;-1;-1;-1;-1;-1;-1;-1;-1;-1;-1;-1;-1;125000;-1;-1;-1;-1;-1;-1;-1;-1;-1;-1;-1;-1;-1
523;3;No;No;No;Yes;-;285000;285000;285000;285000;-1;-1;-1;-1;-1;-1;-1;-1;-1;-1;-1;-1;-1;-1;-1;-1;-1;-1;-1;-1;-1;-1;-1;-1;-1
535;303;No;No;No;Yes;-;275000;275000;-1;-1;-1;-1;-1;-1;-1;-1;-1;-1;-1;-1;-1;275000;-1;-1;-1;-1;-1;-1;-1;-1;-1;-1;-1;-1;-1
541;12;No;No;No;No;-;30500;30500;30500;-1;-1;-1;-1;-1;-1;-1;-1;-1;-1;-1;-1;-1;-1;-1;-1;-1;-1;-1;-1;-1;-1;-1;-1;-1;-1
566;25;No;No;No;No;-;280000;280000;280000;280000;280000;280000;-1;-1;-1;-1;-1;-1;-1;-1;-1;-1;-1;-1;-1;-1;-1;-1;-1;-1;-1;-1;-1;-1;-1
578;285;No;No;No;No;-;91000;91000;-1;-1;-1;-1;-1;-1;-1;-1;-1;-1;-1;-1;-1;13650;-1;-1;-1;-1;-1;-1;-1;-1;-1;-1;-1;-1;-1
619;291;No;No;No;No;-;200000;200000;-1;-1;-1;-1;-1;-1;-1;-1;-1;-1;-1;-1;-1;200000;-1;-1;-1;-1;-1;-1;-1;-1;-1;-1;-1;-1;-1
629;18;No;No;No;No;-;60000;60000;60000;60000;-1;-1;-1;-1;-1;-1;-1;-1;-1;-1;-1;-1;-1;-1;-1;-1;-1;-1;-1;-1;-1;-1;-1;-1;-1
631;18;No;No;No;Yes;-;0;0;-1;-1;-1;-1;-1;-1;-1;-1;-1;-1;-1;-1;-1;-1;-1;-1;-1;-1;-1;-1;-1;-1;-1;-1;-1;-1;-1
652;0;No;No;No;Yes;-;30500;30500;30500;-1;-1;-1;-1;-1;-1;-1;-1;-1;-1;-1;-1;-1;-1;-1;-1;-1;-1;-1;-1;-1;-1;-1;-1;-1;-1
673;15;No;No;No;Yes;-;27700;27700;27700;-1;-1;-1;-1;-1;-1;-1;-1;-1;-1;-1;-1;-1;-1;-1;-1;-1;-1;-1;-1;-1;-1;-1;-1;-1;-1
686;278;No;No;No;Yes;-;105000;105000;105000;105000;105000;105000;-1;-1;-1;-1;-1;-1;-1;-1;-1;-1;-1;-1;-1;-1;-1;-1;-1;-1;-1;-1;-1;-1;-1
687;299;No;No;No;No;-;140000;140000;-1;-1;-1;-1;-1;-1;-1;-1;-1;-1;-1;-1;-1;140000;-1;-1;-1;-1;-1;-1;-1;-1;-1;-1;-1;-1;-1
695;23;No;No;No;No;-;91000;91000;91000;91000;-1;-1;-1;-1;-1;-1;-1;-1;-1;-1;-1;-1;-1;-1;-1;-1;-1;-1;-1;-1;-1;-1;-1;-1;-1
727;18;No;No;No;No;-;30500;30500;30500;30500;-1;-1;-1;-1;-1;-1;-1;-1;-1;-1;-1;-1;-1;-1;-1;-1;-1;-1;-1;-1;-1;-1;-1;-1;-1
736;17;No;No;No;No;-;205000;205000;205000;205000;-1;-1;-1;-1;-1;-1;-1;-1;-1;-1;-1;-1;-1;-1;-1;-1;-1;-1;-1;-1;-1;-1;-1;-1;-1
746;292;No;No;No;No;-;195000;195000;-1;-1;-1;-1;-1;-1;-1;-1;-1;-1;-1;-1;-1;195000;-1;-1;-1;-1;-1;-1;-1;-1;-1;-1;-1;-1;-1
753;303;No;No;No;No;-;240000;240000;-1;-1;-1;-1;-1;-1;-1;-1;-1;-1;-1;-1;-1;240000;-1;-1;-1;-1;-1;-1;-1;-1;-1;-1;-1;-1;-1
770;12;No;No;No;No;-;30500;30500;30500;-1;-1;-1;-1;-1;-1;-1;-1;-1;-1;-1;-1;-1;-1;-1;-1;-1;-1;-1;-1;-1;-1;-1;-1;-1;-1
782;298;No;No;No;No;-;80000;80000;-1;-1;-1;-1;-1;-1;-1;-1;-1;-1;-1;-1;-1;10400;-1;-1;-1;-1;-1;-1;-1;-1;-1;-1;-1;-1;-1
796;284;No;No;No;Yes;-;240000;240000;-1;-1;-1;-1;-1;-1;-1;-1;-1;-1;-1;-1;-1;240000;-1;-1;-1;-1;-1;-1;-1;-1;-1;-1;-1;-1;-1
798;0;No;No;No;Yes;-;135000;135000;135000;135000;-1;-1;-1;-1;-1;-1;-1;-1;-1;-1;-1;-1;-1;-1;-1;-1;-1;-1;-1;-1;-1;-1;-1;-1;-1
841;301;No;No;No;No;-;235000;235000;-1;-1;-1;-1;-1;-1;-1;-1;-1;-1;-1;-1;-1;235000;-1;-1;-1;-1;-1;-1;-1;-1;-1;-1;-1;-1;-1
848;9;Yes;No;No;Yes;-;180000;180000;180000;180000;-1;-1;-1;-1;-1;-1;-1;-1;-1;-1;-1;-1;-1;-1;-1;-1;-1;-1;-1;-1;-1;-1;-1;-1;-1
864;18;No;No;No;No;-;90500;90500;90500;90500;-1;-1;-1;-1;-1;-1;-1;-1;-1;-1;-1;-1;-1;-1;-1;-1;-1;-1;-1;-1;-1;-1;-1;-1;-1
867;21;No;No;No;Yes;-;275000;275000;275000;-1;-1;-1;-1;-1;-1;-1;-1;-1;-1;-1;-1;-1;-1;-1;-1;-1;-1;-1;-1;-1;-1;-1;-1;-1;-1
884;288;No;No;No;No;-;290000;290000;-1;-1;-1;-1;-1;-1;-1;-1;-1;-1;-1;-1;-1;290000;-1;-1;-1;-1;-1;-1;-1;-1;-1;-1;-1;-1;-1
885;294;No;No;No;Yes;-;52000;52000;-1;-1;-1;-1;-1;-1;-1;-1;-1;-1;-1;-1;-1;6760;-1;-1;-1;-1;-1;-1;-1;-1;-1;-1;-1;-1;-1
896;299;No;No;No;No;-;82500;82500;-1;-1;-1;-1;-1;-1;-1;-1;-1;-1;-1;-1;-1;11550;-1;-1;-1;-1;-1;-1;-1;-1;-1;-1;-1;-1;-1
904;21;No;No;No;Yes;-;185000;185000;185000;-1;-1;-1;-1;-1;-1;-1;-1;-1;-1;-1;-1;-1;-1;-1;-1;-1;-1;-1;-1;-1;-1;-1;-1;-1;-1
919;299;No;No;No;Yes;-;310000;310000;-1;-1;-1;-1;-1;-1;-1;-1;-1;-1;-1;-1;-1;310000;-1;-1;-1;-1;-1;-1;-1;-1;-1;-1;-1;-1;-1
940;14;Yes;No;No;Yes;-;265000;265000;265000;-1;-1;-1;-1;-1;-1;-1;-1;-1;-1;-1;-1;-1;-1;-1;-1;-1;-1;-1;-1;-1;-1;-1;-1;-1;-1
956;291;No;No;No;No;-;245000;245000;-1;-1;-1;-1;-1;-1;-1;-1;-1;-1;-1;-1;-1;245000;-1;-1;-1;-1;-1;-1;-1;-1;-1;-1;-1;-1;-1
996;17;No;No;No;No;-;91000;91000;91000;91000;-1;-1;-1;-1;-1;-1;-1;-1;-1;-1;-1;-1;-1;-1;-1;-1;-1;-1;-1;-1;-1;-1;-1;-1;-1
998;305;No;No;No;Yes;-;73000;73000;-1;-1;-1;-1;-1;-1;-1;-1;-1;-1;-1;-1;-1;73000;-1;-1;-1;-1;-1;-1;-1;-1;-1;-1;-1;-1;-1
1013;285;No;No;No;Yes;-;130000;130000;-1;-1;-1;-1;-1;-1;-1;-1;-1;-1;-1;-1;-1;130000;-1;-1;-1;-1;-1;-1;-1;-1;-1;-1;-1;-1;-1
1017;20;Yes;No;No;Yes;-;125000;125000;125000;-1;-1;-1;-1;-1;-1;-1;-1;-1;-1;-1;-1;-1;-1;-1;-1;-1;-1;-1;-1;-1;-1;-1;-1;-1;-1
1026;290;No;No;No;No;-;35500;35500;-1;-1;-1;-1;-1;-1;-1;-1;-1;-1;-1;-1;-1;4970;-1;-1;-1;-1;-1;-1;-1;-1;-1;-1;-1;-1;-1
1039;288;No;No;No;No;-;68000;68000;-1;-1;-1;-1;-1;-1;-1;-1;-1;-1;-1;-1;-1;8840;-1;-1;-1;-1;-1;-1;-1;-1;-1;-1;-1;-1;-1
1044;292;No;No;No;No;-;110000;110000;-1;-1;-1;-1;-1;-1;-1;-1;-1;-1;-1;-1;-1;110000;-1;-1;-1;-1;-1;-1;-1;-1;-1;-1;-1;-1;-1
1045;278;No;No;No;No;-;160000;160000;160000;160000;160000;160000;-1;-1;-1;-1;-1;-1;-1;-1;-1;-1;-1;-1;-1;-1;-1;-1;-1;-1;-1;-1;-1;-1;-1
1055;299;No;No;No;Yes;-;280000;280000;-1;-1;-1;-1;-1;-1;-1;-1;-1;-1;-1;-1;-1;280000;-1;-1;-1;-1;-1;-1;-1;-1;-1;-1;-1;-1;-1
1060;23;No;No;No;No;-;145000;145000;145000;145000;-1;-1;-1;-1;-1;-1;-1;-1;-1;-1;-1;-1;-1;-1;-1;-1;-1;-1;-1;-1;-1;-1;-1;-1;-1
1062;17;No;No;No;No;-;270000;270000;270000;270000;-1;-1;-1;-1;-1;-1;-1;-1;-1;-1;-1;-1;-1;-1;-1;-1;-1;-1;-1;-1;-1;-1;-1;-1;-1
1085;300;No;No;No;Yes;-;160000;160000;-1;-1;-1;-1;-1;-1;-1;-1;-1;-1;-1;-1;-1;160000;-1;-1;-1;-1;-1;-1;-1;-1;-1;-1;-1;-1;-1
1088;287;No;No;No;Yes;-;280000;280000;-1;-1;-1;-1;-1;-1;-1;-1;-1;-1;-1;-1;-1;280000;-1;-1;-1;-1;-1;-1;-1;-1;-1;-1;-1;-1;-1
1093;286;No;No;No;No;-;210000;210000;-1;-1;-1;-1;-1;-1;-1;-1;-1;-1;-1;-1;-1;210000;-1;-1;-1;-1;-1;-1;-1;-1;-1;-1;-1;-1;-1
1095;285;No;No;No;Yes;-;155000;155000;-1;-1;-1;-1;-1;-1;-1;-1;-1;-1;-1;-1;-1;155000;-1;-1;-1;-1;-1;-1;-1;-1;-1;-1;-1;-1;-1
1099;9;No;No;No;No;-;225000;225000;225000;225000;-1;-1;-1;-1;-1;-1;-1;-1;-1;-1;-1;-1;-1;-1;-1;-1;-1;-1;-1;-1;-1;-1;-1;-1;-1
1113;14;No;No;No;Yes;-;245000;245000;245000;245000;-1;-1;-1;-1;-1;-1;-1;-1;-1;-1;-1;-1;-1;-1;-1;-1;-1;-1;-1;-1;-1;-1;-1;-1;-1
1122;288;No;No;No;No;-;69500;69500;-1;-1;-1;-1;-1;-1;-1;-1;-1;-1;-1;-1;-1;69500;-1;-1;-1;-1;-1;-1;-1;-1;-1;-1;-1;-1;-1
1131;278;No;No;No;No;-;50500;50500;50500;50500;50500;-1;-1;-1;-1;-1;-1;-1;-1;-1;-1;-1;-1;-1;-1;-1;-1;-1;-1;-1;-1;-1;-1;-1;-1
1141;301;No;No;No;No;-;115000;115000;-1;-1;-1;-1;-1;-1;-1;-1;-1;-1;-1;-1;-1;115000;-1;-1;-1;-1;-1;-1;-1;-1;-1;-1;-1;-1;-1
1142;286;No;No;No;Yes;-;185000;185000;-1;-1;-1;-1;-1;-1;-1;-1;-1;-1;-1;-1;-1;185000;-1;-1;-1;-1;-1;-1;-1;-1;-1;-1;-1;-1;-1
1143;300;No;No;No;No;-;195000;195000;-1;-1;-1;-1;-1;-1;-1;-1;-1;-1;-1;-1;-1;195000;-1;-1;-1;-1;-1;-1;-1;-1;-1;-1;-1;-1;-1
1157;298;No;No;No;No;-;125000;125000;-1;-1;-1;-1;-1;-1;-1;-1;-1;-1;-1;-1;-1;16250;-1;-1;-1;-1;-1;-1;-1;-1;-1;-1;-1;-1;-1
1188;21;No;No;No;No;-;74500;74500;74500;-1;-1;-1;-1;-1;-1;-1;-1;-1;-1;-1;-1;-1;-1;-1;-1;-1;-1;-1;-1;-1;-1;-1;-1;-1;-1
1210;285;No;No;No;Yes;-;70500;70500;-1;-1;-1;-1;-1;-1;-1;-1;-1;-1;-1;-1;-1;9870;-1;-1;-1;-1;-1;-1;-1;-1;-1;-1;-1;-1;-1
1212;300;No;No;No;No;-;46500;46500;-1;-1;-1;-1;-1;-1;-1;-1;-1;-1;-1;-1;-1;6975;-1;-1;-1;-1;-1;-1;-1;-1;-1;-1;-1;-1;-1
1230;18;No;No;No;No;-;30500;30500;30500;-1;-1;-1;-1;-1;-1;-1;-1;-1;-1;-1;-1;-1;-1;-1;-1;-1;-1;-1;-1;-1;-1;-1;-1;-1;-1
1234;292;No;No;No;No;-;125000;125000;-1;-1;-1;-1;-1;-1;-1;-1;-1;-1;-1;-1;-1;15000;-1;-1;-1;-1;-1;-1;-1;-1;-1;-1;-1;-1;-1
1249;288;No;No;No;No;-;165000;165000;-1;-1;-1;-1;-1;-1;-1;-1;-1;-1;-1;-1;-1;165000;-1;-1;-1;-1;-1;-1;-1;-1;-1;-1;-1;-1;-1
1250;18;No;No;No;No;-;250000;250000;250000;250000;-1;-1;-1;-1;-1;-1;-1;-1;-1;-1;-1;-1;-1;-1;-1;-1;-1;-1;-1;-1;-1;-1;-1;-1;-1
1258;14;No;Yes;No;Yes;-;270000;270000;270000;270000;270000;270000;270000;270000;-1;-1;-1;-1;-1;-1;-1;-1;-1;-1;-1;-1;-1;-1;-1;-1;-1;-1;-1;-1;-1
1283;303;No;No;No;Yes;-;29500;29500;-1;-1;-1;-1;-1;-1;-1;-1;-1;-1;-1;-1;-1;3835;-1;-1;-1;-1;-1;-1;-1;-1;-1;-1;-1;-1;-1
1299;304;No;No;No;No;-;205000;205000;-1;-1;-1;-1;-1;-1;-1;-1;-1;-1;-1;-1;-1;205000;-1;-1;-1;-1;-1;-1;-1;-1;-1;-1;-1;-1;-1
1301;300;No;No;No;Yes;-;145000;145000;-1;-1;-1;-1;-1;-1;-1;-1;-1;-1;-1;-1;-1;145000;-1;-1;-1;-1;-1;-1;-1;-1;-1;-1;-1;-1;-1
1336;18;No;No;No;Yes;-;290000;290000;290000;290000;-1;-1;-1;-1;-1;-1;-1;-1;-1;-1;-1;-1;-1;-1;-1;-1;-1;-1;-1;-1;-1;-1;-1;-1;-1
1343;302;No;No;No;No;-;78500;78500;-1;-1;-1;-1;-1;-1;-1;-1;-1;-1;-1;-1;-1;78500;-1;-1;-1;-1;-1;-1;-1;-1;-1;-1;-1;-1;-1
1372;302;No;No;No;Yes;-;155000;155000;-1;-1;-1;-1;-1;-1;-1;-1;-1;-1;-1;-1;-1;21700;-1;-1;-1;-1;-1;-1;-1;-1;-1;-1;-1;-1;-1
1431;282;No;No;No;No;-;190000;190000;-1;-1;-1;-1;-1;-1;-1;-1;-1;-1;-1;-1;-1;190000;-1;-1;-1;-1;-1;-1;-1;-1;-1;-1;-1;-1;-1
1439;15;No;No;No;Yes;-;155000;155000;155000;155000;-1;-1;-1;-1;-1;-1;-1;-1;-1;-1;-1;-1;-1;-1;-1;-1;-1;-1;-1;-1;-1;-1;-1;-1;-1
1443;23;No;No;No;No;-;32500;32500;32500;-1;-1;-1;-1;-1;-1;-1;-1;-1;-1;-1;-1;-1;-1;-1;-1;-1;-1;-1;-1;-1;-1;-1;-1;-1;-1
1468;303;No;No;No;Yes;-;71500;71500;-1;-1;-1;-1;-1;-1;-1;-1;-1;-1;-1;-1;-1;8580;-1;-1;-1;-1;-1;-1;-1;-1;-1;-1;-1;-1;-1
1485;3;No;No;No;No;-;150000;150000;150000;150000;-1;-1;-1;-1;-1;-1;-1;-1;-1;-1;-1;-1;-1;-1;-1;-1;-1;-1;-1;-1;-1;-1;-1;-1;-1
1496;295;No;No;No;No;-;260000;260000;-1;-1;-1;-1;-1;-1;-1;-1;-1;-1;-1;-1;-1;260000;-1;-1;-1;-1;-1;-1;-1;-1;-1;-1;-1;-1;-1
1504;282;No;No;No;Yes;-;180000;180000;-1;-1;-1;-1;-1;-1;-1;-1;-1;-1;-1;-1;-1;180000;-1;-1;-1;-1;-1;-1;-1;-1;-1;-1;-1;-1;-1
1505;301;No;No;No;No;-;285000;285000;-1;-1;-1;-1;-1;-1;-1;-1;-1;-1;-1;-1;-1;285000;-1;-1;-1;-1;-1;-1;-1;-1;-1;-1;-1;-1;-1
1530;282;No;No;No;No;-;145000;145000;-1;-1;-1;-1;-1;-1;-1;-1;-1;-1;-1;-1;-1;145000;-1;-1;-1;-1;-1;-1;-1;-1;-1;-1;-1;-1;-1
1535;24;No;No;No;No;-;62000;62000;62000;62000;-1;-1;-1;-1;-1;-1;-1;-1;-1;-1;-1;-1;-1;-1;-1;-1;-1;-1;-1;-1;-1;-1;-1;-1;-1
1556;17;No;No;No;No;-;38000;38000;38000;-1;-1;-1;-1;-1;-1;-1;-1;-1;-1;-1;-1;-1;-1;-1;-1;-1;-1;-1;-1;-1;-1;-1;-1;-1;-1
1581;22;No;No;No;No;-;300000;300000;300000;300000;300000;300000;-1;-1;-1;-1;-1;-1;-1;-1;-1;-1;-1;-1;-1;-1;-1;-1;-1;-1;-1;-1;-1;-1;-1
1582;304;No;No;No;Yes;-;280000;280000;-1;-1;-1;-1;-1;-1;-1;-1;-1;-1;-1;-1;-1;280000;-1;-1;-1;-1;-1;-1;-1;-1;-1;-1;-1;-1;-1
1730;297;No;No;No;No;-;255000;255000;-1;-1;-1;-1;-1;-1;-1;-1;-1;-1;-1;-1;-1;255000;-1;-1;-1;-1;-1;-1;-1;-1;-1;-1;-1;-1;-1
1744;279;No;No;No;Yes;-;43000;43000;43000;-1;-1;-1;-1;-1;-1;-1;-1;-1;-1;-1;-1;-1;-1;-1;-1;-1;-1;-1;-1;-1;-1;-1;-1;-1;-1
1746;18;No;No;No;No;-;30500;30500;30500;-1;-1;-1;-1;-1;-1;-1;-1;-1;-1;-1;-1;-1;-1;-1;-1;-1;-1;-1;-1;-1;-1;-1;-1;-1;-1
1764;18;No;No;No;No;-;30500;30500;-1;-1;-1;-1;-1;-1;-1;-1;-1;-1;-1;-1;-1;-1;-1;-1;-1;-1;-1;-1;-1;-1;-1;-1;-1;-1;-1
1814;278;No;No;No;No;-;30500;30500;30500;-1;-1;-1;-1;-1;-1;-1;-1;-1;-1;-1;-1;-1;-1;-1;-1;-1;-1;-1;-1;-1;-1;-1;-1;-1;-1
1959;288;No;No;No;No;-;285000;285000;-1;-1;-1;-1;-1;-1;-1;-1;-1;-1;-1;-1;-1;37050;-1;-1;-1;-1;-1;-1;-1;-1;-1;-1;-1;-1;-1
1987;287;No;No;No;No;-;285000;285000;-1;-1;-1;-1;-1;-1;-1;-1;-1;-1;-1;-1;-1;285000;-1;-1;-1;-1;-1;-1;-1;-1;-1;-1;-1;-1;-1
2070;283;No;No;No;No;-;150000;150000;-1;-1;-1;-1;-1;-1;-1;-1;-1;-1;-1;-1;-1;150000;-1;-1;-1;-1;-1;-1;-1;-1;-1;-1;-1;-1;-1
2190;293;No;No;No;Yes;-;155000;155000;-1;-1;-1;-1;-1;-1;-1;-1;-1;-1;-1;-1;-1;155000;-1;-1;-1;-1;-1;-1;-1;-1;-1;-1;-1;-1;-1
2196;301;No;No;No;Yes;-;83500;83500;-1;-1;-1;-1;-1;-1;-1;-1;-1;-1;-1;-1;-1;11690;-1;-1;-1;-1;-1;-1;-1;-1;-1;-1;-1;-1;-1
2215;17;No;No;No;No;-;30500;30500;30500;-1;-1;-1;-1;-1;-1;-1;-1;-1;-1;-1;-1;-1;-1;-1;-1;-1;-1;-1;-1;-1;-1;-1;-1;-1;-1
2311;284;No;No;No;No;-;195000;195000;-1;-1;-1;-1;-1;-1;-1;-1;-1;-1;-1;-1;-1;195000;-1;-1;-1;-1;-1;-1;-1;-1;-1;-1;-1;-1;-1
2329;288;No;No;No;No;-;160000;160000;-1;-1;-1;-1;-1;-1;-1;-1;-1;-1;-1;-1;-1;160000;-1;-1;-1;-1;-1;-1;-1;-1;-1;-1;-1;-1;-1
2333;299;No;No;No;No;-;215000;215000;-1;-1;-1;-1;-1;-1;-1;-1;-1;-1;-1;-1;-1;215000;-1;-1;-1;-1;-1;-1;-1;-1;-1;-1;-1;-1;-1
2347;290;No;No;No;No;-;165000;165000;-1;-1;-1;-1;-1;-1;-1;-1;-1;-1;-1;-1;-1;165000;-1;-1;-1;-1;-1;-1;-1;-1;-1;-1;-1;-1;-1
2354;300;No;No;No;No;-;200000;200000;-1;-1;-1;-1;-1;-1;-1;-1;-1;-1;-1;-1;-1;200000;-1;-1;-1;-1;-1;-1;-1;-1;-1;-1;-1;-1;-1
2368;288;No;No;No;No;-;53000;53000;-1;-1;-1;-1;-1;-1;-1;-1;-1;-1;-1;-1;-1;7420;-1;-1;-1;-1;-1;-1;-1;-1;-1;-1;-1;-1;-1
2414;18;No;No;No;No;-;60500;60500;60500;60500;-1;-1;-1;-1;-1;-1;-1;-1;-1;-1;-1;-1;-1;-1;-1;-1;-1;-1;-1;-1;-1;-1;-1;-1;-1
2430;286;No;No;No;Yes;-;260000;260000;-1;-1;-1;-1;-1;-1;-1;-1;-1;-1;-1;-1;-1;33800;-1;-1;-1;-1;-1;-1;-1;-1;-1;-1;-1;-1;-1
2450;12;No;No;No;No;-;30500;30500;30500;-1;-1;-1;-1;-1;-1;-1;-1;-1;-1;-1;-1;-1;-1;-1;-1;-1;-1;-1;-1;-1;-1;-1;-1;-1;-1
2468;12;No;No;No;Yes;-;27700;27700;27700;-1;-1;-1;-1;-1;-1;-1;-1;-1;-1;-1;-1;-1;-1;-1;-1;-1;-1;-1;-1;-1;-1;-1;-1;-1;-1
2490;283;No;No;No;No;-;320000;320000;-1;-1;-1;-1;-1;-1;-1;-1;-1;-1;-1;-1;-1;320000;-1;-1;-1;-1;-1;-1;-1;-1;-1;-1;-1;-1;-1
2497;294;No;No;No;No;-;250000;250000;-1;-1;-1;-1;-1;-1;-1;-1;-1;-1;-1;-1;-1;250000;-1;-1;-1;-1;-1;-1;-1;-1;-1;-1;-1;-1;-1
2502;293;No;No;No;No;-;115000;115000;-1;-1;-1;-1;-1;-1;-1;-1;-1;-1;-1;-1;-1;115000;-1;-1;-1;-1;-1;-1;-1;-1;-1;-1;-1;-1;-1
2512;302;No;No;No;No;-;265000;265000;-1;-1;-1;-1;-1;-1;-1;-1;-1;-1;-1;-1;-1;265000;-1;-1;-1;-1;-1;-1;-1;-1;-1;-1;-1;-1;-1
2518;20;No;No;No;No;-;73000;73000;73000;73000;-1;-1;-1;-1;-1;-1;-1;-1;-1;-1;-1;-1;-1;-1;-1;-1;-1;-1;-1;-1;-1;-1;-1;-1;-1
2532;11;No;No;No;Yes;-;330000;330000;330000;330000;330000;330000;330000;-1;-1;-1;-1;-1;-1;-1;-1;-1;-1;-1;-1;-1;-1;-1;-1;-1;-1;-1;-1;-1;-1
2538;289;No;No;No;No;-;155000;155000;-1;-1;-1;-1;-1;-1;-1;-1;-1;-1;-1;-1;-1;155000;-1;-1;-1;-1;-1;-1;-1;-1;-1;-1;-1;-1;-1
2553;20;No;No;No;No;-;190000;190000;190000;190000;-1;-1;-1;-1;-1;-1;-1;-1;-1;-1;-1;-1;-1;-1;-1;-1;-1;-1;-1;-1;-1;-1;-1;-1;-1
2652;11;No;No;No;No;-;110000;110000;110000;110000;-1;-1;-1;-1;-1;-1;-1;-1;-1;-1;-1;-1;-1;-1;-1;-1;-1;-1;-1;-1;-1;-1;-1;-1;-1
2662;17;No;No;No;No;-;295000;295000;295000;295000;-1;-1;-1;-1;-1;-1;-1;-1;-1;-1;-1;-1;-1;-1;-1;-1;-1;-1;-1;-1;-1;-1;-1;-1;-1
2679;293;No;No;No;No;-;30500;30500;-1;-1;-1;-1;-1;-1;-1;-1;-1;-1;-1;-1;-1;3355;-1;-1;-1;-1;-1;-1;-1;-1;-1;-1;-1;-1;-1
2690;12;No;No;No;Yes;-;325000;325000;325000;325000;325000;-1;-1;-1;-1;-1;-1;-1;-1;-1;-1;-1;-1;-1;-1;-1;-1;-1;-1;-1;-1;-1;-1;-1;-1
2716;292;No;No;No;No;-;245000;245000;-1;-1;-1;-1;-1;-1;-1;-1;-1;-1;-1;-1;-1;31850;-1;-1;-1;-1;-1;-1;-1;-1;-1;-1;-1;-1;-1
2723;294;No;No;No;No;-;210000;210000;-1;-1;-1;-1;-1;-1;-1;-1;-1;-1;-1;-1;-1;210000;-1;-1;-1;-1;-1;-1;-1;-1;-1;-1;-1;-1;-1
2730;301;No;No;No;No;-;130000;130000;-1;-1;-1;-1;-1;-1;-1;-1;-1;-1;-1;-1;-1;130000;-1;-1;-1;-1;-1;-1;-1;-1;-1;-1;-1;-1;-1
2746;12;No;No;No;No;-;30500;30500;30500;-1;-1;-1;-1;-1;-1;-1;-1;-1;-1;-1;-1;-1;-1;-1;-1;-1;-1;-1;-1;-1;-1;-1;-1;-1;-1
2755;283;No;No;No;No;-;265000;265000;-1;-1;-1;-1;-1;-1;-1;-1;-1;-1;-1;-1;-1;265000;-1;-1;-1;-1;-1;-1;-1;-1;-1;-1;-1;-1;-1
2768;0;No;No;No;No;-;230000;230000;230000;230000;-1;-1;-1;-1;-1;-1;-1;-1;-1;-1;-1;-1;-1;-1;-1;-1;-1;-1;-1;-1;-1;-1;-1;-1;-1
2772;292;No;No;No;No;-;220000;220000;-1;-1;-1;-1;-1;-1;-1;-1;-1;-1;-1;-1;-1;220000;-1;-1;-1;-1;-1;-1;-1;-1;-1;-1;-1;-1;-1
2797;3;No;No;No;No;-;130000;130000;130000;130000;-1;-1;-1;-1;-1;-1;-1;-1;-1;-1;-1;-1;-1;-1;-1;-1;-1;-1;-1;-1;-1;-1;-1;-1;-1
2810;289;No;No;No;No;-;240000;240000;-1;-1;-1;-1;-1;-1;-1;-1;-1;-1;-1;-1;-1;240000;-1;-1;-1;-1;-1;-1;-1;-1;-1;-1;-1;-1;-1
2814;18;No;No;No;No;-;88500;88500;88500;88500;-1;-1;-1;-1;-1;-1;-1;-1;-1;-1;-1;-1;-1;-1;-1;-1;-1;-1;-1;-1;-1;-1;-1;-1;-1
2815;294;No;No;No;No;-;79500;79500;-1;-1;-1;-1;-1;-1;-1;-1;-1;-1;-1;-1;-1;79500;-1;-1;-1;-1;-1;-1;-1;-1;-1;-1;-1;-1;-1
3012;301;No;No;No;No;-;91000;91000;-1;-1;-1;-1;-1;-1;-1;-1;-1;-1;-1;-1;-1;91000;-1;-1;-1;-1;-1;-1;-1;-1;-1;-1;-1;-1;-1
3183;287;No;No;No;No;-;185000;185000;-1;-1;-1;-1;-1;-1;-1;-1;-1;-1;-1;-1;-1;185000;-1;-1;-1;-1;-1;-1;-1;-1;-1;-1;-1;-1;-1
3234;287;No;No;No;No;-;195000;195000;-1;-1;-1;-1;-1;-1;-1;-1;-1;-1;-1;-1;-1;195000;-1;-1;-1;-1;-1;-1;-1;-1;-1;-1;-1;-1;-1
3293;285;No;No;No;No;-;160000;160000;-1;-1;-1;-1;-1;-1;-1;-1;-1;-1;-1;-1;-1;19200;-1;-1;-1;-1;-1;-1;-1;-1;-1;-1;-1;-1;-1
3321;20;No;No;No;No;-;85000;85000;85000;85000;-1;-1;-1;-1;-1;-1;-1;-1;-1;-1;-1;-1;-1;-1;-1;-1;-1;-1;-1;-1;-1;-1;-1;-1;-1
3341;305;No;No;No;No;-;120000;120000;-1;-1;-1;-1;-1;-1;-1;-1;-1;-1;-1;-1;-1;120000;-1;-1;-1;-1;-1;-1;-1;-1;-1;-1;-1;-1;-1
3374;21;No;No;No;No;-;120000;120000;120000;120000;-1;-1;-1;-1;-1;-1;-1;-1;-1;-1;-1;-1;-1;-1;-1;-1;-1;-1;-1;-1;-1;-1;-1;-1;-1
3383;24;No;No;No;No;-;79000;79000;79000;79000;-1;-1;-1;-1;-1;-1;-1;-1;-1;-1;-1;-1;-1;-1;-1;-1;-1;-1;-1;-1;-1;-1;-1;-1;-1
3394;24;No;No;No;No;-;30500;30500;30500;-1;-1;-1;-1;-1;-1;-1;-1;-1;-1;-1;-1;-1;-1;-1;-1;-1;-1;-1;-1;-1;-1;-1;-1;-1;-1
3398;294;No;No;No;No;-;140000;140000;-1;-1;-1;-1;-1;-1;-1;-1;-1;-1;-1;-1;-1;16800;-1;-1;-1;-1;-1;-1;-1;-1;-1;-1;-1;-1;-1
3425;12;No;No;No;No;-;34000;34000;34000;-1;-1;-1;-1;-1;-1;-1;-1;-1;-1;-1;-1;-1;-1;-1;-1;-1;-1;-1;-1;-1;-1;-1;-1;-1;-1
3426;296;No;No;No;No;-;250000;250000;-1;-1;-1;-1;-1;-1;-1;-1;-1;-1;-1;-1;-1;250000;-1;-1;-1;-1;-1;-1;-1;-1;-1;-1;-1;-1;-1
3459;292;No;No;No;No;-;92000;92000;-1;-1;-1;-1;-1;-1;-1;-1;-1;-1;-1;-1;-1;92000;-1;-1;-1;-1;-1;-1;-1;-1;-1;-1;-1;-1;-1
3461;302;No;No;No;No;-;68000;68000;-1;-1;-1;-1;-1;-1;-1;-1;-1;-1;-1;-1;-1;9520;-1;-1;-1;-1;-1;-1;-1;-1;-1;-1;-1;-1;-1
3545;15;No;No;No;No;-;845000;845000;845000;845000;845000;-1;-1;-1;-1;-1;-1;-1;-1;-1;-1;-1;-1;-1;-1;-1;-1;-1;-1;-1;-1;-1;-1;-1;-1
3547;14;No;Yes;No;Yes;-;785000;785000;785000;785000;785000;785000;785000;785000;785000;-1;-1;-1;-1;-1;-1;-1;-1;-1;-1;-1;-1;-1;-1;-1;-1;-1;-1;-1;-1
3550;22;No;No;No;Yes;-;545000;545000;545000;545000;545000;545000;545000;545000;-1;-1;-1;-1;-1;-1;-1;-1;-1;-1;-1;-1;-1;-1;-1;-1;-1;-1;-1;-1;-1
3555;0;No;No;No;No;-;840000;840000;840000;840000;840000;-1;-1;-1;-1;-1;-1;-1;-1;-1;-1;-1;-1;-1;-1;-1;-1;-1;-1;-1;-1;-1;-1;-1;-1
3556;21;No;Yes;No;Yes;-;445000;445000;445000;445000;445000;445000;445000;445000;-1;-1;-1;-1;-1;-1;-1;-1;-1;-1;-1;-1;-1;-1;-1;-1;-1;-1;-1;-1;-1
3559;23;No;No;No;No;-;540000;540000;540000;-1;-1;-1;-1;-1;-1;-1;-1;-1;-1;-1;-1;-1;-1;-1;-1;-1;-1;-1;-1;-1;-1;-1;-1;-1;-1
3560;9;No;No;No;No;-;805000;805000;805000;-1;-1;-1;-1;-1;-1;-1;-1;-1;-1;-1;-1;-1;-1;-1;-1;-1;-1;-1;-1;-1;-1;-1;-1;-1;-1
4327;20;No;No;No;No;-;48000;48000;48000;48000;-1;-1;-1;-1;-1;-1;-1;-1;-1;-1;-1;-1;-1;-1;-1;-1;-1;-1;-1;-1;-1;-1;-1;-1;-1
4335;23;No;No;No;No;-;195000;195000;195000;195000;-1;-1;-1;-1;-1;-1;-1;-1;-1;-1;-1;-1;-1;-1;-1;-1;-1;-1;-1;-1;-1;-1;-1;-1;-1
4340;21;No;No;No;No;-;30500;30500;30500;30500;-1;-1;-1;-1;-1;-1;-1;-1;-1;-1;-1;-1;-1;-1;-1;-1;-1;-1;-1;-1;-1;-1;-1;-1;-1
4370;9;No;No;No;No;-;30500;30500;30500;30500;-1;-1;-1;-1;-1;-1;-1;-1;-1;-1;-1;-1;-1;-1;-1;-1;-1;-1;-1;-1;-1;-1;-1;-1;-1
4375;21;No;No;No;No;-;30500;30500;30500;30500;-1;-1;-1;-1;-1;-1;-1;-1;-1;-1;-1;-1;-1;-1;-1;-1;-1;-1;-1;-1;-1;-1;-1;-1;-1
4412;18;No;No;No;No;-;30500;30500;30500;30500;-1;-1;-1;-1;-1;-1;-1;-1;-1;-1;-1;-1;-1;-1;-1;-1;-1;-1;-1;-1;-1;-1;-1;-1;-1
4426;17;No;No;No;No;-;58000;58000;58000;58000;-1;-1;-1;-1;-1;-1;-1;-1;-1;-1;-1;-1;-1;-1;-1;-1;-1;-1;-1;-1;-1;-1;-1;-1;-1
4437;20;No;No;No;No;-;30500;30500;30500;30500;-1;-1;-1;-1;-1;-1;-1;-1;-1;-1;-1;5000;5000;5000;-1;-1;-1;-1;-1;-1;-1;-1;-1;-1;-1
4550;25;No;No;No;No;-;57000;57000;57000;57000;-1;-1;-1;-1;-1;-1;-1;-1;-1;-1;-1;-1;-1;-1;-1;-1;-1;-1;-1;-1;-1;-1;-1;-1;-1
4551;8;No;No;No;No;-;67000;67000;67000;67000;-1;-1;-1;-1;-1;-1;-1;-1;-1;-1;-1;-1;-1;-1;-1;-1;-1;-1;-1;-1;-1;-1;-1;-1;-1
4553;279;No;No;No;No;-;105000;105000;105000;105000;105000;105000;-1;-1;-1;-1;-1;-1;-1;-1;-1;-1;-1;-1;-1;-1;-1;-1;-1;-1;-1;-1;-1;-1;-1
4555;21;No;No;No;No;-;30500;30500;30500;30500;-1;-1;-1;-1;-1;-1;-1;-1;-1;-1;-1;-1;-1;-1;-1;-1;-1;-1;-1;-1;-1;-1;-1;-1;-1
4561;21;No;No;No;No;-;170000;170000;170000;170000;-1;-1;-1;-1;-1;-1;-1;-1;-1;-1;-1;-1;-1;-1;-1;-1;-1;-1;-1;-1;-1;-1;-1;-1;-1
4562;18;No;No;No;No;-;30500;30500;30500;30500;-1;-1;-1;-1;-1;-1;-1;-1;-1;-1;-1;-1;-1;-1;-1;-1;-1;-1;-1;-1;-1;-1;-1;-1;-1
4566;25;No;No;No;No;-;30500;30500;30500;30500;-1;-1;-1;-1;-1;-1;-1;-1;-1;-1;-1;-1;-1;-1;-1;-1;-1;-1;-1;-1;-1;-1;-1;-1;-1
4567;25;No;No;No;No;-;30500;30500;30500;30500;-1;-1;-1;-1;-1;-1;-1;-1;-1;-1;-1;-1;-1;-1;-1;-1;-1;-1;-1;-1;-1;-1;-1;-1;-1
4590;279;No;No;No;No;-;30500;30500;30500;30500;-1;-1;-1;-1;-1;-1;-1;-1;-1;-1;-1;-1;-1;-1;-1;-1;-1;-1;-1;-1;-1;-1;-1;-1;-1
4593;21;No;No;No;No;-;30500;30500;30500;30500;-1;-1;-1;-1;-1;-1;-1;-1;-1;-1;-1;-1;-1;-1;-1;-1;-1;-1;-1;-1;-1;-1;-1;-1;-1
4597;279;No;No;No;No;-;30500;30500;30500;30500;-1;-1;-1;-1;-1;-1;-1;-1;-1;-1;-1;-1;-1;-1;-1;-1;-1;-1;-1;-1;-1;-1;-1;-1;-1
4598;17;No;No;No;No;-;30500;30500;30500;30500;-1;-1;-1;-1;-1;-1;-1;-1;-1;-1;-1;-1;-1;-1;-1;-1;-1;-1;-1;-1;-1;-1;-1;-1;-1
4600;23;No;No;No;No;-;120000;120000;120000;120000;-1;-1;-1;-1;-1;-1;-1;-1;-1;-1;-1;-1;-1;-1;-1;-1;-1;-1;-1;-1;-1;-1;-1;-1;-1
4602;18;No;No;No;No;-;30500;30500;30500;30500;-1;-1;-1;-1;-1;-1;-1;-1;-1;-1;-1;-1;-1;-1;-1;-1;-1;-1;-1;-1;-1;-1;-1;-1;-1
4615;23;No;No;No;No;-;30500;30500;30500;30500;-1;-1;-1;-1;-1;-1;-1;-1;-1;-1;-1;-1;-1;-1;-1;-1;-1;-1;-1;-1;-1;-1;-1;-1;-1
4629;18;No;No;No;No;-;30500;30500;30500;30500;-1;-1;-1;-1;-1;-1;-1;-1;-1;-1;-1;-1;-1;-1;-1;-1;-1;-1;-1;-1;-1;-1;-1;-1;-1
4773;26;No;No;No;No;-;215000;215000;215000;215000;-1;-1;-1;-1;-1;-1;-1;-1;-1;-1;-1;-1;-1;-1;-1;-1;-1;-1;-1;-1;-1;-1;-1;-1;-1
4774;5;No;No;No;No;-;145000;145000;145000;145000;-1;-1;-1;-1;-1;-1;-1;-1;-1;-1;-1;-1;-1;-1;-1;-1;-1;-1;-1;-1;-1;-1;-1;-1;-1
4779;12;No;No;No;No;-;42000;42000;42000;42000;-1;-1;-1;-1;-1;-1;-1;-1;-1;-1;-1;-1;-1;-1;-1;-1;-1;-1;-1;-1;-1;-1;-1;-1;-1
4787;21;No;No;No;No;-;30500;30500;30500;30500;-1;-1;-1;-1;-1;-1;-1;-1;-1;-1;-1;-1;-1;-1;-1;-1;-1;-1;-1;-1;-1;-1;-1;-1;-1
4793;21;No;No;No;No;-;195000;195000;195000;195000;-1;-1;-1;-1;-1;-1;-1;-1;-1;-1;-1;-1;-1;-1;-1;-1;-1;-1;-1;-1;-1;-1;-1;-1;-1
4798;9;No;No;No;No;-;30500;30500;30500;30500;-1;-1;-1;-1;-1;-1;-1;-1;-1;-1;-1;-1;-1;-1;-1;-1;-1;-1;-1;-1;-1;-1;-1;-1;-1
4803;23;No;No;No;No;-;175000;175000;175000;175000;-1;-1;-1;-1;-1;-1;-1;-1;-1;-1;-1;-1;-1;-1;-1;-1;-1;-1;-1;-1;-1;-1;-1;-1;-1
4805;14;No;No;No;No;-;30500;30500;30500;30500;-1;-1;-1;-1;-1;-1;-1;-1;-1;-1;-1;2770;2770;2770;-1;-1;-1;-1;-1;-1;-1;-1;-1;-1;-1
4806;21;No;No;No;No;-;55500;55500;55500;55500;-1;-1;-1;-1;-1;-1;-1;-1;-1;-1;-1;-1;-1;-1;-1;-1;-1;-1;-1;-1;-1;-1;-1;-1;-1
4807;8;No;No;No;No;-;30500;30500;30500;30500;-1;-1;-1;-1;-1;-1;-1;-1;-1;-1;-1;-1;-1;-1;-1;-1;-1;-1;-1;-1;-1;-1;-1;-1;-1
4817;279;No;No;No;No;-;30500;30500;30500;30500;-1;-1;-1;-1;-1;-1;-1;-1;-1;-1;-1;-1;-1;-1;-1;-1;-1;-1;-1;-1;-1;-1;-1;-1;-1
5025;0;No;No;No;No;-;90000;90000;90000;90000;-1;-1;-1;-1;-1;-1;-1;-1;-1;-1;-1;-1;-1;-1;-1;-1;-1;-1;-1;-1;-1;-1;-1;-1;-1
5199;21;No;No;No;No;-;275000;275000;275000;275000;275000;275000;-1;-1;-1;-1;-1;-1;-1;-1;-1;-1;-1;-1;-1;-1;-1;-1;-1;-1;-1;-1;-1;-1;-1
5460;292;No;No;No;No;-;88500;88500;-1;-1;-1;-1;-1;-1;-1;-1;-1;-1;-1;-1;-1;11505;-1;-1;-1;-1;-1;-1;-1;-1;-1;-1;-1;-1;-1
