Game Id;Date Year;Date Month;Date Day;Arena;Attendance;Team Home;Team Away;Score Home;Score Away;Score Home P1;Score Home P2;Score Home P3;Score Home OT;Score Home SO;Score Away P1;Score Away P2;Score Away P3;Score Away OT;Score Away SO;Star 1;Star 2;Star 3;Shots Home;Shots Away;PIM Home;PIM Away;Hits Home;Hits Away;GA Home;GA Away;TA Home;TA Away;FOW Home;FOW Away;SOG Home P1;SOG Home P2;SOG Home P3;SOG Home OT;SOG Away P1;SOG Away P2;SOG Away P3;SOG Away OT;PPG Home;PPO Home;PPG Away;PPO Away;Type;SQ0 Home;SQ1 Home;SQ2 Home;SQ3 Home;SQ4 Home;SQ0 Away;SQ1 Away;SQ2 Away;SQ3 Away;SQ4 Away
7845;1968;10;11;Boston Garden;0;5;9;0;0;0;0;0;0;0;0;0;0;0;0;;;;0;0;0;0;0;0;0;0;0;0;0;0;0;0;0;0;0;0;0;0;0;0;0;0;Regular Season;0;0;0;0;0;0;0;0;0;0
7846;1968;10;11;Chicago Stadium;0;8;123;0;0;0;0;0;0;0;0;0;0;0;0;;;;0;0;0;0;0;0;0;0;0;0;0;0;0;0;0;0;0;0;0;0;0;0;0;0;Regular Season;0;0;0;0;0;0;0;0;0;0
7847;1968;10;11;Oakland Coliseum Arena;0;120;119;0;0;0;0;0;0;0;0;0;0;0;0;;;;0;0;0;0;0;0;0;0;0;0;0;0;0;0;0;0;0;0;0;0;0;0;0;0;Regular Season;0;0;0;0;0;0;0;0;0;0
7848;1968;10;12;Pittsburgh Civic Arena;0;122;0;0;0;0;0;0;0;0;0;0;0;0;0;;;;0;0;0;0;0;0;0;0;0;0;0;0;0;0;0;0;0;0;0;0;0;0;0;0;Regular Season;0;0;0;0;0;0;0;0;0;0
7849;1968;10;12;St. Louis Arena;0;123;118;0;0;0;0;0;0;0;0;0;0;0;0;;;;0;0;0;0;0;0;0;0;0;0;0;0;0;0;0;0;0;0;0;0;0;0;0;0;Regular Season;0;0;0;0;0;0;0;0;0;0
7850;1968;10;13;Boston Garden;0;5;121;0;0;0;0;0;0;0;0;0;0;0;0;;;;0;0;0;0;0;0;0;0;0;0;0;0;0;0;0;0;0;0;0;0;0;0;0;0;Regular Season;0;0;0;0;0;0;0;0;0;0
7851;1968;10;13;Chicago Stadium;0;8;10;0;0;0;0;0;0;0;0;0;0;0;0;;;;0;0;0;0;0;0;0;0;0;0;0;0;0;0;0;0;0;0;0;0;0;0;0;0;Regular Season;0;0;0;0;0;0;0;0;0;0
7852;1968;10;13;Olympia Stadium;0;9;3;0;0;0;0;0;0;0;0;0;0;0;0;;;;0;0;0;0;0;0;0;0;0;0;0;0;0;0;0;0;0;0;0;0;0;0;0;0;Regular Season;0;0;0;0;0;0;0;0;0;0
7853;1968;10;13;Oakland Coliseum Arena;0;120;118;0;0;0;0;0;0;0;0;0;0;0;0;;;;0;0;0;0;0;0;0;0;0;0;0;0;0;0;0;0;0;0;0;0;0;0;0;0;Regular Season;0;0;0;0;0;0;0;0;0;0
7854;1968;10;16;Chicago Stadium;0;8;119;0;0;0;0;0;0;0;0;0;0;0;0;;;;0;0;0;0;0;0;0;0;0;0;0;0;0;0;0;0;0;0;0;0;0;0;0;0;Regular Season;0;0;0;0;0;0;0;0;0;0
7855;1968;10;16;Madison Square Garden;0;10;121;0;0;0;0;0;0;0;0;0;0;0;0;;;;0;0;0;0;0;0;0;0;0;0;0;0;0;0;0;0;0;0;0;0;0;0;0;0;Regular Season;0;0;0;0;0;0;0;0;0;0
7856;1968;10;16;Oakland Coliseum Arena;0;120;5;0;0;0;0;0;0;0;0;0;0;0;0;;;;0;0;0;0;0;0;0;0;0;0;0;0;0;0;0;0;0;0;0;0;0;0;0;0;Regular Season;0;0;0;0;0;0;0;0;0;0
7857;1968;10;16;St. Louis Arena;0;123;0;0;0;0;0;0;0;0;0;0;0;0;0;;;;0;0;0;0;0;0;0;0;0;0;0;0;0;0;0;0;0;0;0;0;0;0;0;0;Regular Season;0;0;0;0;0;0;0;0;0;0
7858;1968;10;16;Maple Leaf Gardens;0;3;122;0;0;0;0;0;0;0;0;0;0;0;0;;;;0;0;0;0;0;0;0;0;0;0;0;0;0;0;0;0;0;0;0;0;0;0;0;0;Regular Season;0;0;0;0;0;0;0;0;0;0
7859;1968;10;17;Olympia Stadium;0;9;10;0;0;0;0;0;0;0;0;0;0;0;0;;;;0;0;0;0;0;0;0;0;0;0;0;0;0;0;0;0;0;0;0;0;0;0;0;0;Regular Season;0;0;0;0;0;0;0;0;0;0
7860;1968;10;17;The Forum;0;118;5;0;0;0;0;0;0;0;0;0;0;0;0;;;;0;0;0;0;0;0;0;0;0;0;0;0;0;0;0;0;0;0;0;0;0;0;0;0;Regular Season;0;0;0;0;0;0;0;0;0;0
7861;1968;10;17;The Met Center;0;119;0;0;0;0;0;0;0;0;0;0;0;0;0;;;;0;0;0;0;0;0;0;0;0;0;0;0;0;0;0;0;0;0;0;0;0;0;0;0;Regular Season;0;0;0;0;0;0;0;0;0;0
7862;1968;10;17;The Spectrum;0;121;122;0;0;0;0;0;0;0;0;0;0;0;0;;;;0;0;0;0;0;0;0;0;0;0;0;0;0;0;0;0;0;0;0;0;0;0;0;0;Regular Season;0;0;0;0;0;0;0;0;0;0
7863;1968;10;19;The Met Center;0;119;118;0;0;0;0;0;0;0;0;0;0;0;0;;;;0;0;0;0;0;0;0;0;0;0;0;0;0;0;0;0;0;0;0;0;0;0;0;0;Regular Season;0;0;0;0;0;0;0;0;0;0
7864;1968;10;19;Pittsburgh Civic Arena;0;122;5;0;0;0;0;0;0;0;0;0;0;0;0;;;;0;0;0;0;0;0;0;0;0;0;0;0;0;0;0;0;0;0;0;0;0;0;0;0;Regular Season;0;0;0;0;0;0;0;0;0;0
7865;1968;10;19;St. Louis Arena;0;123;120;0;0;0;0;0;0;0;0;0;0;0;0;;;;0;0;0;0;0;0;0;0;0;0;0;0;0;0;0;0;0;0;0;0;0;0;0;0;Regular Season;0;0;0;0;0;0;0;0;0;0
7866;1968;10;19;Maple Leaf Gardens;0;3;8;0;0;0;0;0;0;0;0;0;0;0;0;;;;0;0;0;0;0;0;0;0;0;0;0;0;0;0;0;0;0;0;0;0;0;0;0;0;Regular Season;0;0;0;0;0;0;0;0;0;0
7867;1968;10;20;Chicago Stadium;0;8;120;0;0;0;0;0;0;0;0;0;0;0;0;;;;0;0;0;0;0;0;0;0;0;0;0;0;0;0;0;0;0;0;0;0;0;0;0;0;Regular Season;0;0;0;0;0;0;0;0;0;0
7868;1968;10;20;Olympia Stadium;0;9;0;0;0;0;0;0;0;0;0;0;0;0;0;;;;0;0;0;0;0;0;0;0;0;0;0;0;0;0;0;0;0;0;0;0;0;0;0;0;Regular Season;0;0;0;0;0;0;0;0;0;0
7869;1968;10;20;Madison Square Garden;0;10;118;0;0;0;0;0;0;0;0;0;0;0;0;;;;0;0;0;0;0;0;0;0;0;0;0;0;0;0;0;0;0;0;0;0;0;0;0;0;Regular Season;0;0;0;0;0;0;0;0;0;0
7870;1968;10;22;The Met Center;0;119;120;0;0;0;0;0;0;0;0;0;0;0;0;;;;0;0;0;0;0;0;0;0;0;0;0;0;0;0;0;0;0;0;0;0;0;0;0;0;Regular Season;0;0;0;0;0;0;0;0;0;0
7871;1968;10;23;The Forum;0;118;0;0;0;0;0;0;0;0;0;0;0;0;0;;;;0;0;0;0;0;0;0;0;0;0;0;0;0;0;0;0;0;0;0;0;0;0;0;0;Regular Season;0;0;0;0;0;0;0;0;0;0
7872;1968;10;23;Madison Square Garden;0;10;120;0;0;0;0;0;0;0;0;0;0;0;0;;;;0;0;0;0;0;0;0;0;0;0;0;0;0;0;0;0;0;0;0;0;0;0;0;0;Regular Season;0;0;0;0;0;0;0;0;0;0
7873;1968;10;23;Pittsburgh Civic Arena;0;122;8;0;0;0;0;0;0;0;0;0;0;0;0;;;;0;0;0;0;0;0;0;0;0;0;0;0;0;0;0;0;0;0;0;0;0;0;0;0;Regular Season;0;0;0;0;0;0;0;0;0;0
7874;1968;10;23;Maple Leaf Gardens;0;3;123;0;0;0;0;0;0;0;0;0;0;0;0;;;;0;0;0;0;0;0;0;0;0;0;0;0;0;0;0;0;0;0;0;0;0;0;0;0;Regular Season;0;0;0;0;0;0;0;0;0;0
7875;1968;10;24;Boston Garden;0;5;123;0;0;0;0;0;0;0;0;0;0;0;0;;;;0;0;0;0;0;0;0;0;0;0;0;0;0;0;0;0;0;0;0;0;0;0;0;0;Regular Season;0;0;0;0;0;0;0;0;0;0
7876;1968;10;24;The Spectrum;0;121;119;0;0;0;0;0;0;0;0;0;0;0;0;;;;0;0;0;0;0;0;0;0;0;0;0;0;0;0;0;0;0;0;0;0;0;0;0;0;Regular Season;0;0;0;0;0;0;0;0;0;0
7877;1968;10;25;Oakland Coliseum Arena;0;120;0;0;0;0;0;0;0;0;0;0;0;0;0;;;;0;0;0;0;0;0;0;0;0;0;0;0;0;0;0;0;0;0;0;0;0;0;0;0;Regular Season;0;0;0;0;0;0;0;0;0;0
7878;1968;10;26;The Forum;0;118;121;0;0;0;0;0;0;0;0;0;0;0;0;;;;0;0;0;0;0;0;0;0;0;0;0;0;0;0;0;0;0;0;0;0;0;0;0;0;Regular Season;0;0;0;0;0;0;0;0;0;0
7879;1968;10;26;The Met Center;0;119;10;0;0;0;0;0;0;0;0;0;0;0;0;;;;0;0;0;0;0;0;0;0;0;0;0;0;0;0;0;0;0;0;0;0;0;0;0;0;Regular Season;0;0;0;0;0;0;0;0;0;0
7880;1968;10;26;Pittsburgh Civic Arena;0;122;123;0;0;0;0;0;0;0;0;0;0;0;0;;;;0;0;0;0;0;0;0;0;0;0;0;0;0;0;0;0;0;0;0;0;0;0;0;0;Regular Season;0;0;0;0;0;0;0;0;0;0
7881;1968;10;26;Maple Leaf Gardens;0;3;5;0;0;0;0;0;0;0;0;0;0;0;0;;;;0;0;0;0;0;0;0;0;0;0;0;0;0;0;0;0;0;0;0;0;0;0;0;0;Regular Season;0;0;0;0;0;0;0;0;0;0
7882;1968;10;27;Boston Garden;0;5;0;0;0;0;0;0;0;0;0;0;0;0;0;;;;0;0;0;0;0;0;0;0;0;0;0;0;0;0;0;0;0;0;0;0;0;0;0;0;Regular Season;0;0;0;0;0;0;0;0;0;0
7883;1968;10;27;Olympia Stadium;0;9;8;0;0;0;0;0;0;0;0;0;0;0;0;;;;0;0;0;0;0;0;0;0;0;0;0;0;0;0;0;0;0;0;0;0;0;0;0;0;Regular Season;0;0;0;0;0;0;0;0;0;0
7884;1968;10;27;Madison Square Garden;0;10;3;0;0;0;0;0;0;0;0;0;0;0;0;;;;0;0;0;0;0;0;0;0;0;0;0;0;0;0;0;0;0;0;0;0;0;0;0;0;Regular Season;0;0;0;0;0;0;0;0;0;0
7885;1968;10;27;Oakland Coliseum Arena;0;120;121;0;0;0;0;0;0;0;0;0;0;0;0;;;;0;0;0;0;0;0;0;0;0;0;0;0;0;0;0;0;0;0;0;0;0;0;0;0;Regular Season;0;0;0;0;0;0;0;0;0;0
7886;1968;10;30;The Forum;0;118;8;0;0;0;0;0;0;0;0;0;0;0;0;;;;0;0;0;0;0;0;0;0;0;0;0;0;0;0;0;0;0;0;0;0;0;0;0;0;Regular Season;0;0;0;0;0;0;0;0;0;0
7887;1968;10;30;The Met Center;0;119;5;0;0;0;0;0;0;0;0;0;0;0;0;;;;0;0;0;0;0;0;0;0;0;0;0;0;0;0;0;0;0;0;0;0;0;0;0;0;Regular Season;0;0;0;0;0;0;0;0;0;0
7888;1968;10;30;Madison Square Garden;0;10;122;0;0;0;0;0;0;0;0;0;0;0;0;;;;0;0;0;0;0;0;0;0;0;0;0;0;0;0;0;0;0;0;0;0;0;0;0;0;Regular Season;0;0;0;0;0;0;0;0;0;0
7889;1968;10;30;St. Louis Arena;0;123;121;0;0;0;0;0;0;0;0;0;0;0;0;;;;0;0;0;0;0;0;0;0;0;0;0;0;0;0;0;0;0;0;0;0;0;0;0;0;Regular Season;0;0;0;0;0;0;0;0;0;0
7890;1968;10;30;Maple Leaf Gardens;0;3;0;0;0;0;0;0;0;0;0;0;0;0;0;;;;0;0;0;0;0;0;0;0;0;0;0;0;0;0;0;0;0;0;0;0;0;0;0;0;Regular Season;0;0;0;0;0;0;0;0;0;0
7891;1968;10;31;Olympia Stadium;0;9;5;0;0;0;0;0;0;0;0;0;0;0;0;;;;0;0;0;0;0;0;0;0;0;0;0;0;0;0;0;0;0;0;0;0;0;0;0;0;Regular Season;0;0;0;0;0;0;0;0;0;0
7892;1968;10;31;The Spectrum;0;121;10;0;0;0;0;0;0;0;0;0;0;0;0;;;;0;0;0;0;0;0;0;0;0;0;0;0;0;0;0;0;0;0;0;0;0;0;0;0;Regular Season;0;0;0;0;0;0;0;0;0;0
7893;1968;11;1;Oakland Coliseum Arena;0;120;8;0;0;0;0;0;0;0;0;0;0;0;0;;;;0;0;0;0;0;0;0;0;0;0;0;0;0;0;0;0;0;0;0;0;0;0;0;0;Regular Season;0;0;0;0;0;0;0;0;0;0
7894;1968;11;2;The Forum;0;118;122;0;0;0;0;0;0;0;0;0;0;0;0;;;;0;0;0;0;0;0;0;0;0;0;0;0;0;0;0;0;0;0;0;0;0;0;0;0;Regular Season;0;0;0;0;0;0;0;0;0;0
7895;1968;11;2;Montreal Forum;0;0;9;0;0;0;0;0;0;0;0;0;0;0;0;;;;0;0;0;0;0;0;0;0;0;0;0;0;0;0;0;0;0;0;0;0;0;0;0;0;Regular Season;0;0;0;0;0;0;0;0;0;0
7896;1968;11;2;St. Louis Arena;0;123;119;0;0;0;0;0;0;0;0;0;0;0;0;;;;0;0;0;0;0;0;0;0;0;0;0;0;0;0;0;0;0;0;0;0;0;0;0;0;Regular Season;0;0;0;0;0;0;0;0;0;0
7897;1968;11;2;Maple Leaf Gardens;0;3;121;0;0;0;0;0;0;0;0;0;0;0;0;;;;0;0;0;0;0;0;0;0;0;0;0;0;0;0;0;0;0;0;0;0;0;0;0;0;Regular Season;0;0;0;0;0;0;0;0;0;0
7898;1968;11;3;Boston Garden;0;5;8;0;0;0;0;0;0;0;0;0;0;0;0;;;;0;0;0;0;0;0;0;0;0;0;0;0;0;0;0;0;0;0;0;0;0;0;0;0;Regular Season;0;0;0;0;0;0;0;0;0;0
7899;1968;11;3;Olympia Stadium;0;9;123;0;0;0;0;0;0;0;0;0;0;0;0;;;;0;0;0;0;0;0;0;0;0;0;0;0;0;0;0;0;0;0;0;0;0;0;0;0;Regular Season;0;0;0;0;0;0;0;0;0;0
7900;1968;11;3;Madison Square Garden;0;10;119;0;0;0;0;0;0;0;0;0;0;0;0;;;;0;0;0;0;0;0;0;0;0;0;0;0;0;0;0;0;0;0;0;0;0;0;0;0;Regular Season;0;0;0;0;0;0;0;0;0;0
7901;1968;11;3;Oakland Coliseum Arena;0;120;122;0;0;0;0;0;0;0;0;0;0;0;0;;;;0;0;0;0;0;0;0;0;0;0;0;0;0;0;0;0;0;0;0;0;0;0;0;0;Regular Season;0;0;0;0;0;0;0;0;0;0
7902;1968;11;3;The Spectrum;0;121;0;0;0;0;0;0;0;0;0;0;0;0;0;;;;0;0;0;0;0;0;0;0;0;0;0;0;0;0;0;0;0;0;0;0;0;0;0;0;Regular Season;0;0;0;0;0;0;0;0;0;0
7903;1968;11;6;Boston Garden;0;5;121;0;0;0;0;0;0;0;0;0;0;0;0;;;;0;0;0;0;0;0;0;0;0;0;0;0;0;0;0;0;0;0;0;0;0;0;0;0;Regular Season;0;0;0;0;0;0;0;0;0;0
7904;1968;11;6;Chicago Stadium;0;8;9;0;0;0;0;0;0;0;0;0;0;0;0;;;;0;0;0;0;0;0;0;0;0;0;0;0;0;0;0;0;0;0;0;0;0;0;0;0;Regular Season;0;0;0;0;0;0;0;0;0;0
7905;1968;11;6;The Forum;0;118;10;0;0;0;0;0;0;0;0;0;0;0;0;;;;0;0;0;0;0;0;0;0;0;0;0;0;0;0;0;0;0;0;0;0;0;0;0;0;Regular Season;0;0;0;0;0;0;0;0;0;0
7906;1968;11;6;The Met Center;0;119;3;0;0;0;0;0;0;0;0;0;0;0;0;;;;0;0;0;0;0;0;0;0;0;0;0;0;0;0;0;0;0;0;0;0;0;0;0;0;Regular Season;0;0;0;0;0;0;0;0;0;0
7907;1968;11;6;Pittsburgh Civic Arena;0;122;123;0;0;0;0;0;0;0;0;0;0;0;0;;;;0;0;0;0;0;0;0;0;0;0;0;0;0;0;0;0;0;0;0;0;0;0;0;0;Regular Season;0;0;0;0;0;0;0;0;0;0
7908;1968;11;7;Olympia Stadium;0;9;119;0;0;0;0;0;0;0;0;0;0;0;0;;;;0;0;0;0;0;0;0;0;0;0;0;0;0;0;0;0;0;0;0;0;0;0;0;0;Regular Season;0;0;0;0;0;0;0;0;0;0
7909;1968;11;7;Montreal Forum;0;0;122;0;0;0;0;0;0;0;0;0;0;0;0;;;;0;0;0;0;0;0;0;0;0;0;0;0;0;0;0;0;0;0;0;0;0;0;0;0;Regular Season;0;0;0;0;0;0;0;0;0;0
7910;1968;11;7;The Spectrum;0;121;123;0;0;0;0;0;0;0;0;0;0;0;0;;;;0;0;0;0;0;0;0;0;0;0;0;0;0;0;0;0;0;0;0;0;0;0;0;0;Regular Season;0;0;0;0;0;0;0;0;0;0
7911;1968;11;8;Oakland Coliseum Arena;0;120;10;0;0;0;0;0;0;0;0;0;0;0;0;;;;0;0;0;0;0;0;0;0;0;0;0;0;0;0;0;0;0;0;0;0;0;0;0;0;Regular Season;0;0;0;0;0;0;0;0;0;0
7912;1968;11;9;The Forum;0;118;3;0;0;0;0;0;0;0;0;0;0;0;0;;;;0;0;0;0;0;0;0;0;0;0;0;0;0;0;0;0;0;0;0;0;0;0;0;0;Regular Season;0;0;0;0;0;0;0;0;0;0
7913;1968;11;9;The Met Center;0;119;9;0;0;0;0;0;0;0;0;0;0;0;0;;;;0;0;0;0;0;0;0;0;0;0;0;0;0;0;0;0;0;0;0;0;0;0;0;0;Regular Season;0;0;0;0;0;0;0;0;0;0
7914;1968;11;9;Montreal Forum;0;0;123;0;0;0;0;0;0;0;0;0;0;0;0;;;;0;0;0;0;0;0;0;0;0;0;0;0;0;0;0;0;0;0;0;0;0;0;0;0;Regular Season;0;0;0;0;0;0;0;0;0;0
7915;1968;11;9;Pittsburgh Civic Arena;0;122;121;0;0;0;0;0;0;0;0;0;0;0;0;;;;0;0;0;0;0;0;0;0;0;0;0;0;0;0;0;0;0;0;0;0;0;0;0;0;Regular Season;0;0;0;0;0;0;0;0;0;0
7916;1968;11;10;Boston Garden;0;5;123;0;0;0;0;0;0;0;0;0;0;0;0;;;;0;0;0;0;0;0;0;0;0;0;0;0;0;0;0;0;0;0;0;0;0;0;0;0;Regular Season;0;0;0;0;0;0;0;0;0;0
7917;1968;11;10;Chicago Stadium;0;8;10;0;0;0;0;0;0;0;0;0;0;0;0;;;;0;0;0;0;0;0;0;0;0;0;0;0;0;0;0;0;0;0;0;0;0;0;0;0;Regular Season;0;0;0;0;0;0;0;0;0;0
7918;1968;11;10;Olympia Stadium;0;9;0;0;0;0;0;0;0;0;0;0;0;0;0;;;;0;0;0;0;0;0;0;0;0;0;0;0;0;0;0;0;0;0;0;0;0;0;0;0;Regular Season;0;0;0;0;0;0;0;0;0;0
7919;1968;11;10;Oakland Coliseum Arena;0;120;3;0;0;0;0;0;0;0;0;0;0;0;0;;;;0;0;0;0;0;0;0;0;0;0;0;0;0;0;0;0;0;0;0;0;0;0;0;0;Regular Season;0;0;0;0;0;0;0;0;0;0
7920;1968;11;12;The Forum;0;118;120;0;0;0;0;0;0;0;0;0;0;0;0;;;;0;0;0;0;0;0;0;0;0;0;0;0;0;0;0;0;0;0;0;0;0;0;0;0;Regular Season;0;0;0;0;0;0;0;0;0;0
7921;1968;11;13;Chicago Stadium;0;8;122;0;0;0;0;0;0;0;0;0;0;0;0;;;;0;0;0;0;0;0;0;0;0;0;0;0;0;0;0;0;0;0;0;0;0;0;0;0;Regular Season;0;0;0;0;0;0;0;0;0;0
7922;1968;11;13;The Met Center;0;119;121;0;0;0;0;0;0;0;0;0;0;0;0;;;;0;0;0;0;0;0;0;0;0;0;0;0;0;0;0;0;0;0;0;0;0;0;0;0;Regular Season;0;0;0;0;0;0;0;0;0;0
7923;1968;11;13;Madison Square Garden;0;10;123;0;0;0;0;0;0;0;0;0;0;0;0;;;;0;0;0;0;0;0;0;0;0;0;0;0;0;0;0;0;0;0;0;0;0;0;0;0;Regular Season;0;0;0;0;0;0;0;0;0;0
7924;1968;11;13;Oakland Coliseum Arena;0;120;9;0;0;0;0;0;0;0;0;0;0;0;0;;;;0;0;0;0;0;0;0;0;0;0;0;0;0;0;0;0;0;0;0;0;0;0;0;0;Regular Season;0;0;0;0;0;0;0;0;0;0
7925;1968;11;13;Maple Leaf Gardens;0;3;5;0;0;0;0;0;0;0;0;0;0;0;0;;;;0;0;0;0;0;0;0;0;0;0;0;0;0;0;0;0;0;0;0;0;0;0;0;0;Regular Season;0;0;0;0;0;0;0;0;0;0
7926;1968;11;14;The Forum;0;118;9;0;0;0;0;0;0;0;0;0;0;0;0;;;;0;0;0;0;0;0;0;0;0;0;0;0;0;0;0;0;0;0;0;0;0;0;0;0;Regular Season;0;0;0;0;0;0;0;0;0;0
7927;1968;11;14;Montreal Forum;0;0;3;0;0;0;0;0;0;0;0;0;0;0;0;;;;0;0;0;0;0;0;0;0;0;0;0;0;0;0;0;0;0;0;0;0;0;0;0;0;Regular Season;0;0;0;0;0;0;0;0;0;0
7928;1968;11;14;The Spectrum;0;121;5;0;0;0;0;0;0;0;0;0;0;0;0;;;;0;0;0;0;0;0;0;0;0;0;0;0;0;0;0;0;0;0;0;0;0;0;0;0;Regular Season;0;0;0;0;0;0;0;0;0;0
7929;1968;11;14;Pittsburgh Civic Arena;0;122;8;0;0;0;0;0;0;0;0;0;0;0;0;;;;0;0;0;0;0;0;0;0;0;0;0;0;0;0;0;0;0;0;0;0;0;0;0;0;Regular Season;0;0;0;0;0;0;0;0;0;0
7930;1968;11;16;The Met Center;0;119;118;0;0;0;0;0;0;0;0;0;0;0;0;;;;0;0;0;0;0;0;0;0;0;0;0;0;0;0;0;0;0;0;0;0;0;0;0;0;Regular Season;0;0;0;0;0;0;0;0;0;0
7931;1968;11;16;Montreal Forum;0;0;120;0;0;0;0;0;0;0;0;0;0;0;0;;;;0;0;0;0;0;0;0;0;0;0;0;0;0;0;0;0;0;0;0;0;0;0;0;0;Regular Season;0;0;0;0;0;0;0;0;0;0
7932;1968;11;16;Pittsburgh Civic Arena;0;122;10;0;0;0;0;0;0;0;0;0;0;0;0;;;;0;0;0;0;0;0;0;0;0;0;0;0;0;0;0;0;0;0;0;0;0;0;0;0;Regular Season;0;0;0;0;0;0;0;0;0;0
7933;1968;11;16;St. Louis Arena;0;123;9;0;0;0;0;0;0;0;0;0;0;0;0;;;;0;0;0;0;0;0;0;0;0;0;0;0;0;0;0;0;0;0;0;0;0;0;0;0;Regular Season;0;0;0;0;0;0;0;0;0;0
7934;1968;11;16;Maple Leaf Gardens;0;3;8;0;0;0;0;0;0;0;0;0;0;0;0;;;;0;0;0;0;0;0;0;0;0;0;0;0;0;0;0;0;0;0;0;0;0;0;0;0;Regular Season;0;0;0;0;0;0;0;0;0;0
7935;1968;11;17;Boston Garden;0;5;120;0;0;0;0;0;0;0;0;0;0;0;0;;;;0;0;0;0;0;0;0;0;0;0;0;0;0;0;0;0;0;0;0;0;0;0;0;0;Regular Season;0;0;0;0;0;0;0;0;0;0
7936;1968;11;17;Chicago Stadium;0;8;3;0;0;0;0;0;0;0;0;0;0;0;0;;;;0;0;0;0;0;0;0;0;0;0;0;0;0;0;0;0;0;0;0;0;0;0;0;0;Regular Season;0;0;0;0;0;0;0;0;0;0
7937;1968;11;17;Madison Square Garden;0;10;0;0;0;0;0;0;0;0;0;0;0;0;0;;;;0;0;0;0;0;0;0;0;0;0;0;0;0;0;0;0;0;0;0;0;0;0;0;0;Regular Season;0;0;0;0;0;0;0;0;0;0
7938;1968;11;17;The Spectrum;0;121;118;0;0;0;0;0;0;0;0;0;0;0;0;;;;0;0;0;0;0;0;0;0;0;0;0;0;0;0;0;0;0;0;0;0;0;0;0;0;Regular Season;0;0;0;0;0;0;0;0;0;0
7939;1968;11;17;St. Louis Arena;0;123;119;0;0;0;0;0;0;0;0;0;0;0;0;;;;0;0;0;0;0;0;0;0;0;0;0;0;0;0;0;0;0;0;0;0;0;0;0;0;Regular Season;0;0;0;0;0;0;0;0;0;0
7940;1968;11;20;The Met Center;0;119;8;0;0;0;0;0;0;0;0;0;0;0;0;;;;0;0;0;0;0;0;0;0;0;0;0;0;0;0;0;0;0;0;0;0;0;0;0;0;Regular Season;0;0;0;0;0;0;0;0;0;0
7941;1968;11;20;Montreal Forum;0;0;9;0;0;0;0;0;0;0;0;0;0;0;0;;;;0;0;0;0;0;0;0;0;0;0;0;0;0;0;0;0;0;0;0;0;0;0;0;0;Regular Season;0;0;0;0;0;0;0;0;0;0
7942;1968;11;20;Madison Square Garden;0;10;118;0;0;0;0;0;0;0;0;0;0;0;0;;;;0;0;0;0;0;0;0;0;0;0;0;0;0;0;0;0;0;0;0;0;0;0;0;0;Regular Season;0;0;0;0;0;0;0;0;0;0
7943;1968;11;20;St. Louis Arena;0;123;120;0;0;0;0;0;0;0;0;0;0;0;0;;;;0;0;0;0;0;0;0;0;0;0;0;0;0;0;0;0;0;0;0;0;0;0;0;0;Regular Season;0;0;0;0;0;0;0;0;0;0
7944;1968;11;20;Maple Leaf Gardens;0;3;122;0;0;0;0;0;0;0;0;0;0;0;0;;;;0;0;0;0;0;0;0;0;0;0;0;0;0;0;0;0;0;0;0;0;0;0;0;0;Regular Season;0;0;0;0;0;0;0;0;0;0
7945;1968;11;21;Boston Garden;0;5;118;0;0;0;0;0;0;0;0;0;0;0;0;;;;0;0;0;0;0;0;0;0;0;0;0;0;0;0;0;0;0;0;0;0;0;0;0;0;Regular Season;0;0;0;0;0;0;0;0;0;0
7946;1968;11;21;The Spectrum;0;121;0;0;0;0;0;0;0;0;0;0;0;0;0;;;;0;0;0;0;0;0;0;0;0;0;0;0;0;0;0;0;0;0;0;0;0;0;0;0;Regular Season;0;0;0;0;0;0;0;0;0;0
7947;1968;11;21;Pittsburgh Civic Arena;0;122;120;0;0;0;0;0;0;0;0;0;0;0;0;;;;0;0;0;0;0;0;0;0;0;0;0;0;0;0;0;0;0;0;0;0;0;0;0;0;Regular Season;0;0;0;0;0;0;0;0;0;0
7948;1968;11;23;Boston Garden;0;5;10;0;0;0;0;0;0;0;0;0;0;0;0;;;;0;0;0;0;0;0;0;0;0;0;0;0;0;0;0;0;0;0;0;0;0;0;0;0;Regular Season;0;0;0;0;0;0;0;0;0;0
7949;1968;11;23;Montreal Forum;0;0;119;0;0;0;0;0;0;0;0;0;0;0;0;;;;0;0;0;0;0;0;0;0;0;0;0;0;0;0;0;0;0;0;0;0;0;0;0;0;Regular Season;0;0;0;0;0;0;0;0;0;0
7950;1968;11;23;The Spectrum;0;121;120;0;0;0;0;0;0;0;0;0;0;0;0;;;;0;0;0;0;0;0;0;0;0;0;0;0;0;0;0;0;0;0;0;0;0;0;0;0;Regular Season;0;0;0;0;0;0;0;0;0;0
7951;1968;11;23;Pittsburgh Civic Arena;0;122;118;0;0;0;0;0;0;0;0;0;0;0;0;;;;0;0;0;0;0;0;0;0;0;0;0;0;0;0;0;0;0;0;0;0;0;0;0;0;Regular Season;0;0;0;0;0;0;0;0;0;0
7952;1968;11;23;St. Louis Arena;0;123;8;0;0;0;0;0;0;0;0;0;0;0;0;;;;0;0;0;0;0;0;0;0;0;0;0;0;0;0;0;0;0;0;0;0;0;0;0;0;Regular Season;0;0;0;0;0;0;0;0;0;0
7953;1968;11;23;Maple Leaf Gardens;0;3;9;0;0;0;0;0;0;0;0;0;0;0;0;;;;0;0;0;0;0;0;0;0;0;0;0;0;0;0;0;0;0;0;0;0;0;0;0;0;Regular Season;0;0;0;0;0;0;0;0;0;0
7954;1968;11;24;Boston Garden;0;5;3;0;0;0;0;0;0;0;0;0;0;0;0;;;;0;0;0;0;0;0;0;0;0;0;0;0;0;0;0;0;0;0;0;0;0;0;0;0;Regular Season;0;0;0;0;0;0;0;0;0;0
7955;1968;11;24;Chicago Stadium;0;8;119;0;0;0;0;0;0;0;0;0;0;0;0;;;;0;0;0;0;0;0;0;0;0;0;0;0;0;0;0;0;0;0;0;0;0;0;0;0;Regular Season;0;0;0;0;0;0;0;0;0;0
7956;1968;11;24;Madison Square Garden;0;10;120;0;0;0;0;0;0;0;0;0;0;0;0;;;;0;0;0;0;0;0;0;0;0;0;0;0;0;0;0;0;0;0;0;0;0;0;0;0;Regular Season;0;0;0;0;0;0;0;0;0;0
7957;1968;11;24;The Spectrum;0;121;118;0;0;0;0;0;0;0;0;0;0;0;0;;;;0;0;0;0;0;0;0;0;0;0;0;0;0;0;0;0;0;0;0;0;0;0;0;0;Regular Season;0;0;0;0;0;0;0;0;0;0
7958;1968;11;27;The Forum;0;118;0;0;0;0;0;0;0;0;0;0;0;0;0;;;;0;0;0;0;0;0;0;0;0;0;0;0;0;0;0;0;0;0;0;0;0;0;0;0;Regular Season;0;0;0;0;0;0;0;0;0;0
7959;1968;11;27;The Met Center;0;119;120;0;0;0;0;0;0;0;0;0;0;0;0;;;;0;0;0;0;0;0;0;0;0;0;0;0;0;0;0;0;0;0;0;0;0;0;0;0;Regular Season;0;0;0;0;0;0;0;0;0;0
7960;1968;11;27;Madison Square Garden;0;10;8;0;0;0;0;0;0;0;0;0;0;0;0;;;;0;0;0;0;0;0;0;0;0;0;0;0;0;0;0;0;0;0;0;0;0;0;0;0;Regular Season;0;0;0;0;0;0;0;0;0;0
7961;1968;11;27;The Spectrum;0;121;9;0;0;0;0;0;0;0;0;0;0;0;0;;;;0;0;0;0;0;0;0;0;0;0;0;0;0;0;0;0;0;0;0;0;0;0;0;0;Regular Season;0;0;0;0;0;0;0;0;0;0
7962;1968;11;27;Pittsburgh Civic Arena;0;122;3;0;0;0;0;0;0;0;0;0;0;0;0;;;;0;0;0;0;0;0;0;0;0;0;0;0;0;0;0;0;0;0;0;0;0;0;0;0;Regular Season;0;0;0;0;0;0;0;0;0;0
7963;1968;11;27;St. Louis Arena;0;123;5;0;0;0;0;0;0;0;0;0;0;0;0;;;;0;0;0;0;0;0;0;0;0;0;0;0;0;0;0;0;0;0;0;0;0;0;0;0;Regular Season;0;0;0;0;0;0;0;0;0;0
7964;1968;11;28;Chicago Stadium;0;8;122;0;0;0;0;0;0;0;0;0;0;0;0;;;;0;0;0;0;0;0;0;0;0;0;0;0;0;0;0;0;0;0;0;0;0;0;0;0;Regular Season;0;0;0;0;0;0;0;0;0;0
7965;1968;11;28;Olympia Stadium;0;9;123;0;0;0;0;0;0;0;0;0;0;0;0;;;;0;0;0;0;0;0;0;0;0;0;0;0;0;0;0;0;0;0;0;0;0;0;0;0;Regular Season;0;0;0;0;0;0;0;0;0;0
7966;1968;11;29;Oakland Coliseum Arena;0;120;0;0;0;0;0;0;0;0;0;0;0;0;0;;;;0;0;0;0;0;0;0;0;0;0;0;0;0;0;0;0;0;0;0;0;0;0;0;0;Regular Season;0;0;0;0;0;0;0;0;0;0
7967;1968;11;30;Boston Garden;0;5;10;0;0;0;0;0;0;0;0;0;0;0;0;;;;0;0;0;0;0;0;0;0;0;0;0;0;0;0;0;0;0;0;0;0;0;0;0;0;Regular Season;0;0;0;0;0;0;0;0;0;0
7968;1968;11;30;The Forum;0;118;122;0;0;0;0;0;0;0;0;0;0;0;0;;;;0;0;0;0;0;0;0;0;0;0;0;0;0;0;0;0;0;0;0;0;0;0;0;0;Regular Season;0;0;0;0;0;0;0;0;0;0
7969;1968;11;30;St. Louis Arena;0;123;121;0;0;0;0;0;0;0;0;0;0;0;0;;;;0;0;0;0;0;0;0;0;0;0;0;0;0;0;0;0;0;0;0;0;0;0;0;0;Regular Season;0;0;0;0;0;0;0;0;0;0
7970;1968;11;30;Maple Leaf Gardens;0;3;119;0;0;0;0;0;0;0;0;0;0;0;0;;;;0;0;0;0;0;0;0;0;0;0;0;0;0;0;0;0;0;0;0;0;0;0;0;0;Regular Season;0;0;0;0;0;0;0;0;0;0
7971;1968;12;1;Boston Garden;0;5;119;0;0;0;0;0;0;0;0;0;0;0;0;;;;0;0;0;0;0;0;0;0;0;0;0;0;0;0;0;0;0;0;0;0;0;0;0;0;Regular Season;0;0;0;0;0;0;0;0;0;0
7972;1968;12;1;Chicago Stadium;0;8;0;0;0;0;0;0;0;0;0;0;0;0;0;;;;0;0;0;0;0;0;0;0;0;0;0;0;0;0;0;0;0;0;0;0;0;0;0;0;Regular Season;0;0;0;0;0;0;0;0;0;0
7973;1968;12;1;Olympia Stadium;0;9;121;0;0;0;0;0;0;0;0;0;0;0;0;;;;0;0;0;0;0;0;0;0;0;0;0;0;0;0;0;0;0;0;0;0;0;0;0;0;Regular Season;0;0;0;0;0;0;0;0;0;0
7974;1968;12;1;Madison Square Garden;0;10;3;0;0;0;0;0;0;0;0;0;0;0;0;;;;0;0;0;0;0;0;0;0;0;0;0;0;0;0;0;0;0;0;0;0;0;0;0;0;Regular Season;0;0;0;0;0;0;0;0;0;0
7975;1968;12;1;Oakland Coliseum Arena;0;120;122;0;0;0;0;0;0;0;0;0;0;0;0;;;;0;0;0;0;0;0;0;0;0;0;0;0;0;0;0;0;0;0;0;0;0;0;0;0;Regular Season;0;0;0;0;0;0;0;0;0;0
7976;1968;12;4;The Forum;0;118;121;0;0;0;0;0;0;0;0;0;0;0;0;;;;0;0;0;0;0;0;0;0;0;0;0;0;0;0;0;0;0;0;0;0;0;0;0;0;Regular Season;0;0;0;0;0;0;0;0;0;0
7977;1968;12;4;The Met Center;0;119;3;0;0;0;0;0;0;0;0;0;0;0;0;;;;0;0;0;0;0;0;0;0;0;0;0;0;0;0;0;0;0;0;0;0;0;0;0;0;Regular Season;0;0;0;0;0;0;0;0;0;0
7978;1968;12;4;Montreal Forum;0;0;10;0;0;0;0;0;0;0;0;0;0;0;0;;;;0;0;0;0;0;0;0;0;0;0;0;0;0;0;0;0;0;0;0;0;0;0;0;0;Regular Season;0;0;0;0;0;0;0;0;0;0
7979;1968;12;4;Pittsburgh Civic Arena;0;122;9;0;0;0;0;0;0;0;0;0;0;0;0;;;;0;0;0;0;0;0;0;0;0;0;0;0;0;0;0;0;0;0;0;0;0;0;0;0;Regular Season;0;0;0;0;0;0;0;0;0;0
7980;1968;12;4;St. Louis Arena;0;123;8;0;0;0;0;0;0;0;0;0;0;0;0;;;;0;0;0;0;0;0;0;0;0;0;0;0;0;0;0;0;0;0;0;0;0;0;0;0;Regular Season;0;0;0;0;0;0;0;0;0;0
7981;1968;12;5;Boston Garden;0;5;0;0;0;0;0;0;0;0;0;0;0;0;0;;;;0;0;0;0;0;0;0;0;0;0;0;0;0;0;0;0;0;0;0;0;0;0;0;0;Regular Season;0;0;0;0;0;0;0;0;0;0
7982;1968;12;5;Olympia Stadium;0;9;10;0;0;0;0;0;0;0;0;0;0;0;0;;;;0;0;0;0;0;0;0;0;0;0;0;0;0;0;0;0;0;0;0;0;0;0;0;0;Regular Season;0;0;0;0;0;0;0;0;0;0
7983;1968;12;6;Oakland Coliseum Arena;0;120;121;0;0;0;0;0;0;0;0;0;0;0;0;;;;0;0;0;0;0;0;0;0;0;0;0;0;0;0;0;0;0;0;0;0;0;0;0;0;Regular Season;0;0;0;0;0;0;0;0;0;0
7984;1968;12;7;Boston Garden;0;5;9;0;0;0;0;0;0;0;0;0;0;0;0;;;;0;0;0;0;0;0;0;0;0;0;0;0;0;0;0;0;0;0;0;0;0;0;0;0;Regular Season;0;0;0;0;0;0;0;0;0;0
7985;1968;12;7;The Forum;0;118;119;0;0;0;0;0;0;0;0;0;0;0;0;;;;0;0;0;0;0;0;0;0;0;0;0;0;0;0;0;0;0;0;0;0;0;0;0;0;Regular Season;0;0;0;0;0;0;0;0;0;0
7986;1968;12;7;Montreal Forum;0;0;8;0;0;0;0;0;0;0;0;0;0;0;0;;;;0;0;0;0;0;0;0;0;0;0;0;0;0;0;0;0;0;0;0;0;0;0;0;0;Regular Season;0;0;0;0;0;0;0;0;0;0
7987;1968;12;7;St. Louis Arena;0;123;122;0;0;0;0;0;0;0;0;0;0;0;0;;;;0;0;0;0;0;0;0;0;0;0;0;0;0;0;0;0;0;0;0;0;0;0;0;0;Regular Season;0;0;0;0;0;0;0;0;0;0
7988;1968;12;7;Maple Leaf Gardens;0;3;10;0;0;0;0;0;0;0;0;0;0;0;0;;;;0;0;0;0;0;0;0;0;0;0;0;0;0;0;0;0;0;0;0;0;0;0;0;0;Regular Season;0;0;0;0;0;0;0;0;0;0
7989;1968;12;8;Chicago Stadium;0;8;5;0;0;0;0;0;0;0;0;0;0;0;0;;;;0;0;0;0;0;0;0;0;0;0;0;0;0;0;0;0;0;0;0;0;0;0;0;0;Regular Season;0;0;0;0;0;0;0;0;0;0
7990;1968;12;8;Madison Square Garden;0;10;9;0;0;0;0;0;0;0;0;0;0;0;0;;;;0;0;0;0;0;0;0;0;0;0;0;0;0;0;0;0;0;0;0;0;0;0;0;0;Regular Season;0;0;0;0;0;0;0;0;0;0
7991;1968;12;8;Oakland Coliseum Arena;0;120;119;0;0;0;0;0;0;0;0;0;0;0;0;;;;0;0;0;0;0;0;0;0;0;0;0;0;0;0;0;0;0;0;0;0;0;0;0;0;Regular Season;0;0;0;0;0;0;0;0;0;0
7992;1968;12;8;The Spectrum;0;121;123;0;0;0;0;0;0;0;0;0;0;0;0;;;;0;0;0;0;0;0;0;0;0;0;0;0;0;0;0;0;0;0;0;0;0;0;0;0;Regular Season;0;0;0;0;0;0;0;0;0;0
7993;1968;12;8;Pittsburgh Civic Arena;0;122;3;0;0;0;0;0;0;0;0;0;0;0;0;;;;0;0;0;0;0;0;0;0;0;0;0;0;0;0;0;0;0;0;0;0;0;0;0;0;Regular Season;0;0;0;0;0;0;0;0;0;0
7994;1968;12;11;Chicago Stadium;0;8;123;0;0;0;0;0;0;0;0;0;0;0;0;;;;0;0;0;0;0;0;0;0;0;0;0;0;0;0;0;0;0;0;0;0;0;0;0;0;Regular Season;0;0;0;0;0;0;0;0;0;0
7995;1968;12;11;The Forum;0;118;9;0;0;0;0;0;0;0;0;0;0;0;0;;;;0;0;0;0;0;0;0;0;0;0;0;0;0;0;0;0;0;0;0;0;0;0;0;0;Regular Season;0;0;0;0;0;0;0;0;0;0
7996;1968;12;11;The Met Center;0;119;122;0;0;0;0;0;0;0;0;0;0;0;0;;;;0;0;0;0;0;0;0;0;0;0;0;0;0;0;0;0;0;0;0;0;0;0;0;0;Regular Season;0;0;0;0;0;0;0;0;0;0
7997;1968;12;11;Madison Square Garden;0;10;5;0;0;0;0;0;0;0;0;0;0;0;0;;;;0;0;0;0;0;0;0;0;0;0;0;0;0;0;0;0;0;0;0;0;0;0;0;0;Regular Season;0;0;0;0;0;0;0;0;0;0
7998;1968;12;11;Maple Leaf Gardens;0;3;0;0;0;0;0;0;0;0;0;0;0;0;0;;;;0;0;0;0;0;0;0;0;0;0;0;0;0;0;0;0;0;0;0;0;0;0;0;0;Regular Season;0;0;0;0;0;0;0;0;0;0
7999;1968;12;12;Montreal Forum;0;0;123;0;0;0;0;0;0;0;0;0;0;0;0;;;;0;0;0;0;0;0;0;0;0;0;0;0;0;0;0;0;0;0;0;0;0;0;0;0;Regular Season;0;0;0;0;0;0;0;0;0;0
8000;1968;12;12;Oakland Coliseum Arena;0;120;9;0;0;0;0;0;0;0;0;0;0;0;0;;;;0;0;0;0;0;0;0;0;0;0;0;0;0;0;0;0;0;0;0;0;0;0;0;0;Regular Season;0;0;0;0;0;0;0;0;0;0
8001;1968;12;12;The Spectrum;0;121;3;0;0;0;0;0;0;0;0;0;0;0;0;;;;0;0;0;0;0;0;0;0;0;0;0;0;0;0;0;0;0;0;0;0;0;0;0;0;Regular Season;0;0;0;0;0;0;0;0;0;0
8002;1968;12;14;Boston Garden;0;5;8;0;0;0;0;0;0;0;0;0;0;0;0;;;;0;0;0;0;0;0;0;0;0;0;0;0;0;0;0;0;0;0;0;0;0;0;0;0;Regular Season;0;0;0;0;0;0;0;0;0;0
8003;1968;12;14;Olympia Stadium;0;9;120;0;0;0;0;0;0;0;0;0;0;0;0;;;;0;0;0;0;0;0;0;0;0;0;0;0;0;0;0;0;0;0;0;0;0;0;0;0;Regular Season;0;0;0;0;0;0;0;0;0;0
8004;1968;12;14;The Met Center;0;119;10;0;0;0;0;0;0;0;0;0;0;0;0;;;;0;0;0;0;0;0;0;0;0;0;0;0;0;0;0;0;0;0;0;0;0;0;0;0;Regular Season;0;0;0;0;0;0;0;0;0;0
8005;1968;12;14;Montreal Forum;0;0;121;0;0;0;0;0;0;0;0;0;0;0;0;;;;0;0;0;0;0;0;0;0;0;0;0;0;0;0;0;0;0;0;0;0;0;0;0;0;Regular Season;0;0;0;0;0;0;0;0;0;0
8006;1968;12;14;Pittsburgh Civic Arena;0;122;118;0;0;0;0;0;0;0;0;0;0;0;0;;;;0;0;0;0;0;0;0;0;0;0;0;0;0;0;0;0;0;0;0;0;0;0;0;0;Regular Season;0;0;0;0;0;0;0;0;0;0
8007;1968;12;14;Maple Leaf Gardens;0;3;123;0;0;0;0;0;0;0;0;0;0;0;0;;;;0;0;0;0;0;0;0;0;0;0;0;0;0;0;0;0;0;0;0;0;0;0;0;0;Regular Season;0;0;0;0;0;0;0;0;0;0
8008;1968;12;15;Boston Garden;0;5;122;0;0;0;0;0;0;0;0;0;0;0;0;;;;0;0;0;0;0;0;0;0;0;0;0;0;0;0;0;0;0;0;0;0;0;0;0;0;Regular Season;0;0;0;0;0;0;0;0;0;0
8009;1968;12;15;Chicago Stadium;0;8;120;0;0;0;0;0;0;0;0;0;0;0;0;;;;0;0;0;0;0;0;0;0;0;0;0;0;0;0;0;0;0;0;0;0;0;0;0;0;Regular Season;0;0;0;0;0;0;0;0;0;0
8010;1968;12;15;Olympia Stadium;0;9;119;0;0;0;0;0;0;0;0;0;0;0;0;;;;0;0;0;0;0;0;0;0;0;0;0;0;0;0;0;0;0;0;0;0;0;0;0;0;Regular Season;0;0;0;0;0;0;0;0;0;0
8011;1968;12;15;Madison Square Garden;0;10;121;0;0;0;0;0;0;0;0;0;0;0;0;;;;0;0;0;0;0;0;0;0;0;0;0;0;0;0;0;0;0;0;0;0;0;0;0;0;Regular Season;0;0;0;0;0;0;0;0;0;0
8012;1968;12;15;St. Louis Arena;0;123;118;0;0;0;0;0;0;0;0;0;0;0;0;;;;0;0;0;0;0;0;0;0;0;0;0;0;0;0;0;0;0;0;0;0;0;0;0;0;Regular Season;0;0;0;0;0;0;0;0;0;0
8013;1968;12;17;The Met Center;0;119;120;0;0;0;0;0;0;0;0;0;0;0;0;;;;0;0;0;0;0;0;0;0;0;0;0;0;0;0;0;0;0;0;0;0;0;0;0;0;Regular Season;0;0;0;0;0;0;0;0;0;0
8014;1968;12;17;The Spectrum;0;121;122;0;0;0;0;0;0;0;0;0;0;0;0;;;;0;0;0;0;0;0;0;0;0;0;0;0;0;0;0;0;0;0;0;0;0;0;0;0;Regular Season;0;0;0;0;0;0;0;0;0;0
8015;1968;12;18;Montreal Forum;0;0;118;0;0;0;0;0;0;0;0;0;0;0;0;;;;0;0;0;0;0;0;0;0;0;0;0;0;0;0;0;0;0;0;0;0;0;0;0;0;Regular Season;0;0;0;0;0;0;0;0;0;0
8016;1968;12;18;Madison Square Garden;0;10;8;0;0;0;0;0;0;0;0;0;0;0;0;;;;0;0;0;0;0;0;0;0;0;0;0;0;0;0;0;0;0;0;0;0;0;0;0;0;Regular Season;0;0;0;0;0;0;0;0;0;0
8017;1968;12;18;Maple Leaf Gardens;0;3;120;0;0;0;0;0;0;0;0;0;0;0;0;;;;0;0;0;0;0;0;0;0;0;0;0;0;0;0;0;0;0;0;0;0;0;0;0;0;Regular Season;0;0;0;0;0;0;0;0;0;0
8018;1968;12;19;Boston Garden;0;5;118;0;0;0;0;0;0;0;0;0;0;0;0;;;;0;0;0;0;0;0;0;0;0;0;0;0;0;0;0;0;0;0;0;0;0;0;0;0;Regular Season;0;0;0;0;0;0;0;0;0;0
8019;1968;12;19;Olympia Stadium;0;9;8;0;0;0;0;0;0;0;0;0;0;0;0;;;;0;0;0;0;0;0;0;0;0;0;0;0;0;0;0;0;0;0;0;0;0;0;0;0;Regular Season;0;0;0;0;0;0;0;0;0;0
8020;1968;12;19;The Spectrum;0;121;119;0;0;0;0;0;0;0;0;0;0;0;0;;;;0;0;0;0;0;0;0;0;0;0;0;0;0;0;0;0;0;0;0;0;0;0;0;0;Regular Season;0;0;0;0;0;0;0;0;0;0
8021;1968;12;20;Oakland Coliseum Arena;0;120;123;0;0;0;0;0;0;0;0;0;0;0;0;;;;0;0;0;0;0;0;0;0;0;0;0;0;0;0;0;0;0;0;0;0;0;0;0;0;Regular Season;0;0;0;0;0;0;0;0;0;0
8022;1968;12;21;The Forum;0;118;121;0;0;0;0;0;0;0;0;0;0;0;0;;;;0;0;0;0;0;0;0;0;0;0;0;0;0;0;0;0;0;0;0;0;0;0;0;0;Regular Season;0;0;0;0;0;0;0;0;0;0
8023;1968;12;21;Montreal Forum;0;0;5;0;0;0;0;0;0;0;0;0;0;0;0;;;;0;0;0;0;0;0;0;0;0;0;0;0;0;0;0;0;0;0;0;0;0;0;0;0;Regular Season;0;0;0;0;0;0;0;0;0;0
8024;1968;12;21;Pittsburgh Civic Arena;0;122;119;0;0;0;0;0;0;0;0;0;0;0;0;;;;0;0;0;0;0;0;0;0;0;0;0;0;0;0;0;0;0;0;0;0;0;0;0;0;Regular Season;0;0;0;0;0;0;0;0;0;0
8025;1968;12;21;St. Louis Arena;0;123;10;0;0;0;0;0;0;0;0;0;0;0;0;;;;0;0;0;0;0;0;0;0;0;0;0;0;0;0;0;0;0;0;0;0;0;0;0;0;Regular Season;0;0;0;0;0;0;0;0;0;0
8026;1968;12;21;Maple Leaf Gardens;0;3;9;0;0;0;0;0;0;0;0;0;0;0;0;;;;0;0;0;0;0;0;0;0;0;0;0;0;0;0;0;0;0;0;0;0;0;0;0;0;Regular Season;0;0;0;0;0;0;0;0;0;0
8027;1968;12;22;Boston Garden;0;5;0;0;0;0;0;0;0;0;0;0;0;0;0;;;;0;0;0;0;0;0;0;0;0;0;0;0;0;0;0;0;0;0;0;0;0;0;0;0;Regular Season;0;0;0;0;0;0;0;0;0;0
8028;1968;12;22;Chicago Stadium;0;8;122;0;0;0;0;0;0;0;0;0;0;0;0;;;;0;0;0;0;0;0;0;0;0;0;0;0;0;0;0;0;0;0;0;0;0;0;0;0;Regular Season;0;0;0;0;0;0;0;0;0;0
8029;1968;12;22;Olympia Stadium;0;9;3;0;0;0;0;0;0;0;0;0;0;0;0;;;;0;0;0;0;0;0;0;0;0;0;0;0;0;0;0;0;0;0;0;0;0;0;0;0;Regular Season;0;0;0;0;0;0;0;0;0;0
8030;1968;12;22;Madison Square Garden;0;10;119;0;0;0;0;0;0;0;0;0;0;0;0;;;;0;0;0;0;0;0;0;0;0;0;0;0;0;0;0;0;0;0;0;0;0;0;0;0;Regular Season;0;0;0;0;0;0;0;0;0;0
8031;1968;12;22;Oakland Coliseum Arena;0;120;121;0;0;0;0;0;0;0;0;0;0;0;0;;;;0;0;0;0;0;0;0;0;0;0;0;0;0;0;0;0;0;0;0;0;0;0;0;0;Regular Season;0;0;0;0;0;0;0;0;0;0
8032;1968;12;25;Boston Garden;0;5;120;0;0;0;0;0;0;0;0;0;0;0;0;;;;0;0;0;0;0;0;0;0;0;0;0;0;0;0;0;0;0;0;0;0;0;0;0;0;Regular Season;0;0;0;0;0;0;0;0;0;0
8033;1968;12;25;Chicago Stadium;0;8;3;0;0;0;0;0;0;0;0;0;0;0;0;;;;0;0;0;0;0;0;0;0;0;0;0;0;0;0;0;0;0;0;0;0;0;0;0;0;Regular Season;0;0;0;0;0;0;0;0;0;0
8034;1968;12;25;The Met Center;0;119;123;0;0;0;0;0;0;0;0;0;0;0;0;;;;0;0;0;0;0;0;0;0;0;0;0;0;0;0;0;0;0;0;0;0;0;0;0;0;Regular Season;0;0;0;0;0;0;0;0;0;0
8035;1968;12;25;The Spectrum;0;121;10;0;0;0;0;0;0;0;0;0;0;0;0;;;;0;0;0;0;0;0;0;0;0;0;0;0;0;0;0;0;0;0;0;0;0;0;0;0;Regular Season;0;0;0;0;0;0;0;0;0;0
8036;1968;12;25;Pittsburgh Civic Arena;0;122;9;0;0;0;0;0;0;0;0;0;0;0;0;;;;0;0;0;0;0;0;0;0;0;0;0;0;0;0;0;0;0;0;0;0;0;0;0;0;Regular Season;0;0;0;0;0;0;0;0;0;0
8037;1968;12;26;The Forum;0;118;119;0;0;0;0;0;0;0;0;0;0;0;0;;;;0;0;0;0;0;0;0;0;0;0;0;0;0;0;0;0;0;0;0;0;0;0;0;0;Regular Season;0;0;0;0;0;0;0;0;0;0
8038;1968;12;26;Montreal Forum;0;0;3;0;0;0;0;0;0;0;0;0;0;0;0;;;;0;0;0;0;0;0;0;0;0;0;0;0;0;0;0;0;0;0;0;0;0;0;0;0;Regular Season;0;0;0;0;0;0;0;0;0;0
8039;1968;12;26;Madison Square Garden;0;10;120;0;0;0;0;0;0;0;0;0;0;0;0;;;;0;0;0;0;0;0;0;0;0;0;0;0;0;0;0;0;0;0;0;0;0;0;0;0;Regular Season;0;0;0;0;0;0;0;0;0;0
8040;1968;12;26;St. Louis Arena;0;123;122;0;0;0;0;0;0;0;0;0;0;0;0;;;;0;0;0;0;0;0;0;0;0;0;0;0;0;0;0;0;0;0;0;0;0;0;0;0;Regular Season;0;0;0;0;0;0;0;0;0;0
8041;1968;12;27;Olympia Stadium;0;9;121;0;0;0;0;0;0;0;0;0;0;0;0;;;;0;0;0;0;0;0;0;0;0;0;0;0;0;0;0;0;0;0;0;0;0;0;0;0;Regular Season;0;0;0;0;0;0;0;0;0;0
8042;1968;12;28;The Met Center;0;119;8;0;0;0;0;0;0;0;0;0;0;0;0;;;;0;0;0;0;0;0;0;0;0;0;0;0;0;0;0;0;0;0;0;0;0;0;0;0;Regular Season;0;0;0;0;0;0;0;0;0;0
8043;1968;12;28;Montreal Forum;0;0;10;0;0;0;0;0;0;0;0;0;0;0;0;;;;0;0;0;0;0;0;0;0;0;0;0;0;0;0;0;0;0;0;0;0;0;0;0;0;Regular Season;0;0;0;0;0;0;0;0;0;0
8044;1968;12;28;Pittsburgh Civic Arena;0;122;120;0;0;0;0;0;0;0;0;0;0;0;0;;;;0;0;0;0;0;0;0;0;0;0;0;0;0;0;0;0;0;0;0;0;0;0;0;0;Regular Season;0;0;0;0;0;0;0;0;0;0
8045;1968;12;28;St. Louis Arena;0;123;5;0;0;0;0;0;0;0;0;0;0;0;0;;;;0;0;0;0;0;0;0;0;0;0;0;0;0;0;0;0;0;0;0;0;0;0;0;0;Regular Season;0;0;0;0;0;0;0;0;0;0
8046;1968;12;28;Maple Leaf Gardens;0;3;118;0;0;0;0;0;0;0;0;0;0;0;0;;;;0;0;0;0;0;0;0;0;0;0;0;0;0;0;0;0;0;0;0;0;0;0;0;0;Regular Season;0;0;0;0;0;0;0;0;0;0
8047;1968;12;29;Chicago Stadium;0;8;118;0;0;0;0;0;0;0;0;0;0;0;0;;;;0;0;0;0;0;0;0;0;0;0;0;0;0;0;0;0;0;0;0;0;0;0;0;0;Regular Season;0;0;0;0;0;0;0;0;0;0
8048;1968;12;29;Olympia Stadium;0;9;5;0;0;0;0;0;0;0;0;0;0;0;0;;;;0;0;0;0;0;0;0;0;0;0;0;0;0;0;0;0;0;0;0;0;0;0;0;0;Regular Season;0;0;0;0;0;0;0;0;0;0
8049;1968;12;29;Madison Square Garden;0;10;0;0;0;0;0;0;0;0;0;0;0;0;0;;;;0;0;0;0;0;0;0;0;0;0;0;0;0;0;0;0;0;0;0;0;0;0;0;0;Regular Season;0;0;0;0;0;0;0;0;0;0
8050;1968;12;29;The Spectrum;0;121;120;0;0;0;0;0;0;0;0;0;0;0;0;;;;0;0;0;0;0;0;0;0;0;0;0;0;0;0;0;0;0;0;0;0;0;0;0;0;Regular Season;0;0;0;0;0;0;0;0;0;0
8051;1968;12;31;Olympia Stadium;0;9;119;0;0;0;0;0;0;0;0;0;0;0;0;;;;0;0;0;0;0;0;0;0;0;0;0;0;0;0;0;0;0;0;0;0;0;0;0;0;Regular Season;0;0;0;0;0;0;0;0;0;0
8052;1968;12;31;Pittsburgh Civic Arena;0;122;0;0;0;0;0;0;0;0;0;0;0;0;0;;;;0;0;0;0;0;0;0;0;0;0;0;0;0;0;0;0;0;0;0;0;0;0;0;0;Regular Season;0;0;0;0;0;0;0;0;0;0
8053;1969;1;1;Chicago Stadium;0;8;9;0;0;0;0;0;0;0;0;0;0;0;0;;;;0;0;0;0;0;0;0;0;0;0;0;0;0;0;0;0;0;0;0;0;0;0;0;0;Regular Season;0;0;0;0;0;0;0;0;0;0
8054;1969;1;1;The Forum;0;118;123;0;0;0;0;0;0;0;0;0;0;0;0;;;;0;0;0;0;0;0;0;0;0;0;0;0;0;0;0;0;0;0;0;0;0;0;0;0;Regular Season;0;0;0;0;0;0;0;0;0;0
8055;1969;1;1;Maple Leaf Gardens;0;3;120;0;0;0;0;0;0;0;0;0;0;0;0;;;;0;0;0;0;0;0;0;0;0;0;0;0;0;0;0;0;0;0;0;0;0;0;0;0;Regular Season;0;0;0;0;0;0;0;0;0;0
8056;1969;1;2;Montreal Forum;0;0;122;0;0;0;0;0;0;0;0;0;0;0;0;;;;0;0;0;0;0;0;0;0;0;0;0;0;0;0;0;0;0;0;0;0;0;0;0;0;Regular Season;0;0;0;0;0;0;0;0;0;0
8057;1969;1;2;Madison Square Garden;0;10;5;0;0;0;0;0;0;0;0;0;0;0;0;;;;0;0;0;0;0;0;0;0;0;0;0;0;0;0;0;0;0;0;0;0;0;0;0;0;Regular Season;0;0;0;0;0;0;0;0;0;0
8058;1969;1;2;The Spectrum;0;121;8;0;0;0;0;0;0;0;0;0;0;0;0;;;;0;0;0;0;0;0;0;0;0;0;0;0;0;0;0;0;0;0;0;0;0;0;0;0;Regular Season;0;0;0;0;0;0;0;0;0;0
8059;1969;1;3;Oakland Coliseum Arena;0;120;123;0;0;0;0;0;0;0;0;0;0;0;0;;;;0;0;0;0;0;0;0;0;0;0;0;0;0;0;0;0;0;0;0;0;0;0;0;0;Regular Season;0;0;0;0;0;0;0;0;0;0
8060;1969;1;4;The Met Center;0;119;5;0;0;0;0;0;0;0;0;0;0;0;0;;;;0;0;0;0;0;0;0;0;0;0;0;0;0;0;0;0;0;0;0;0;0;0;0;0;Regular Season;0;0;0;0;0;0;0;0;0;0
8061;1969;1;4;Montreal Forum;0;0;8;0;0;0;0;0;0;0;0;0;0;0;0;;;;0;0;0;0;0;0;0;0;0;0;0;0;0;0;0;0;0;0;0;0;0;0;0;0;Regular Season;0;0;0;0;0;0;0;0;0;0
8062;1969;1;4;Pittsburgh Civic Arena;0;122;121;0;0;0;0;0;0;0;0;0;0;0;0;;;;0;0;0;0;0;0;0;0;0;0;0;0;0;0;0;0;0;0;0;0;0;0;0;0;Regular Season;0;0;0;0;0;0;0;0;0;0
8063;1969;1;4;St. Louis Arena;0;123;9;0;0;0;0;0;0;0;0;0;0;0;0;;;;0;0;0;0;0;0;0;0;0;0;0;0;0;0;0;0;0;0;0;0;0;0;0;0;Regular Season;0;0;0;0;0;0;0;0;0;0
8064;1969;1;4;Maple Leaf Gardens;0;3;10;0;0;0;0;0;0;0;0;0;0;0;0;;;;0;0;0;0;0;0;0;0;0;0;0;0;0;0;0;0;0;0;0;0;0;0;0;0;Regular Season;0;0;0;0;0;0;0;0;0;0
8065;1969;1;5;Chicago Stadium;0;8;0;0;0;0;0;0;0;0;0;0;0;0;0;;;;0;0;0;0;0;0;0;0;0;0;0;0;0;0;0;0;0;0;0;0;0;0;0;0;Regular Season;0;0;0;0;0;0;0;0;0;0
8066;1969;1;5;Olympia Stadium;0;9;122;0;0;0;0;0;0;0;0;0;0;0;0;;;;0;0;0;0;0;0;0;0;0;0;0;0;0;0;0;0;0;0;0;0;0;0;0;0;Regular Season;0;0;0;0;0;0;0;0;0;0
8067;1969;1;5;Madison Square Garden;0;10;119;0;0;0;0;0;0;0;0;0;0;0;0;;;;0;0;0;0;0;0;0;0;0;0;0;0;0;0;0;0;0;0;0;0;0;0;0;0;Regular Season;0;0;0;0;0;0;0;0;0;0
8068;1969;1;5;Oakland Coliseum Arena;0;120;118;0;0;0;0;0;0;0;0;0;0;0;0;;;;0;0;0;0;0;0;0;0;0;0;0;0;0;0;0;0;0;0;0;0;0;0;0;0;Regular Season;0;0;0;0;0;0;0;0;0;0
8069;1969;1;5;The Spectrum;0;121;3;0;0;0;0;0;0;0;0;0;0;0;0;;;;0;0;0;0;0;0;0;0;0;0;0;0;0;0;0;0;0;0;0;0;0;0;0;0;Regular Season;0;0;0;0;0;0;0;0;0;0
8070;1969;1;7;The Met Center;0;119;0;0;0;0;0;0;0;0;0;0;0;0;0;;;;0;0;0;0;0;0;0;0;0;0;0;0;0;0;0;0;0;0;0;0;0;0;0;0;Regular Season;0;0;0;0;0;0;0;0;0;0
8071;1969;1;7;St. Louis Arena;0;123;118;0;0;0;0;0;0;0;0;0;0;0;0;;;;0;0;0;0;0;0;0;0;0;0;0;0;0;0;0;0;0;0;0;0;0;0;0;0;Regular Season;0;0;0;0;0;0;0;0;0;0
8072;1969;1;8;Chicago Stadium;0;8;123;0;0;0;0;0;0;0;0;0;0;0;0;;;;0;0;0;0;0;0;0;0;0;0;0;0;0;0;0;0;0;0;0;0;0;0;0;0;Regular Season;0;0;0;0;0;0;0;0;0;0
8073;1969;1;8;Maple Leaf Gardens;0;3;121;0;0;0;0;0;0;0;0;0;0;0;0;;;;0;0;0;0;0;0;0;0;0;0;0;0;0;0;0;0;0;0;0;0;0;0;0;0;Regular Season;0;0;0;0;0;0;0;0;0;0
8074;1969;1;9;Boston Garden;0;5;3;0;0;0;0;0;0;0;0;0;0;0;0;;;;0;0;0;0;0;0;0;0;0;0;0;0;0;0;0;0;0;0;0;0;0;0;0;0;Regular Season;0;0;0;0;0;0;0;0;0;0
8075;1969;1;9;Olympia Stadium;0;9;118;0;0;0;0;0;0;0;0;0;0;0;0;;;;0;0;0;0;0;0;0;0;0;0;0;0;0;0;0;0;0;0;0;0;0;0;0;0;Regular Season;0;0;0;0;0;0;0;0;0;0
8076;1969;1;9;Montreal Forum;0;0;120;0;0;0;0;0;0;0;0;0;0;0;0;;;;0;0;0;0;0;0;0;0;0;0;0;0;0;0;0;0;0;0;0;0;0;0;0;0;Regular Season;0;0;0;0;0;0;0;0;0;0
8077;1969;1;9;The Spectrum;0;121;10;0;0;0;0;0;0;0;0;0;0;0;0;;;;0;0;0;0;0;0;0;0;0;0;0;0;0;0;0;0;0;0;0;0;0;0;0;0;Regular Season;0;0;0;0;0;0;0;0;0;0
8078;1969;1;9;Pittsburgh Civic Arena;0;122;119;0;0;0;0;0;0;0;0;0;0;0;0;;;;0;0;0;0;0;0;0;0;0;0;0;0;0;0;0;0;0;0;0;0;0;0;0;0;Regular Season;0;0;0;0;0;0;0;0;0;0
8079;1969;1;11;Olympia Stadium;0;9;10;0;0;0;0;0;0;0;0;0;0;0;0;;;;0;0;0;0;0;0;0;0;0;0;0;0;0;0;0;0;0;0;0;0;0;0;0;0;Regular Season;0;0;0;0;0;0;0;0;0;0
8080;1969;1;11;The Met Center;0;119;121;0;0;0;0;0;0;0;0;0;0;0;0;;;;0;0;0;0;0;0;0;0;0;0;0;0;0;0;0;0;0;0;0;0;0;0;0;0;Regular Season;0;0;0;0;0;0;0;0;0;0
8081;1969;1;11;Montreal Forum;0;0;5;0;0;0;0;0;0;0;0;0;0;0;0;;;;0;0;0;0;0;0;0;0;0;0;0;0;0;0;0;0;0;0;0;0;0;0;0;0;Regular Season;0;0;0;0;0;0;0;0;0;0
8082;1969;1;11;Pittsburgh Civic Arena;0;122;120;0;0;0;0;0;0;0;0;0;0;0;0;;;;0;0;0;0;0;0;0;0;0;0;0;0;0;0;0;0;0;0;0;0;0;0;0;0;Regular Season;0;0;0;0;0;0;0;0;0;0
8083;1969;1;11;St. Louis Arena;0;123;8;0;0;0;0;0;0;0;0;0;0;0;0;;;;0;0;0;0;0;0;0;0;0;0;0;0;0;0;0;0;0;0;0;0;0;0;0;0;Regular Season;0;0;0;0;0;0;0;0;0;0
8084;1969;1;11;Maple Leaf Gardens;0;3;118;0;0;0;0;0;0;0;0;0;0;0;0;;;;0;0;0;0;0;0;0;0;0;0;0;0;0;0;0;0;0;0;0;0;0;0;0;0;Regular Season;0;0;0;0;0;0;0;0;0;0
8085;1969;1;12;Boston Garden;0;5;122;0;0;0;0;0;0;0;0;0;0;0;0;;;;0;0;0;0;0;0;0;0;0;0;0;0;0;0;0;0;0;0;0;0;0;0;0;0;Regular Season;0;0;0;0;0;0;0;0;0;0
8086;1969;1;12;Chicago Stadium;0;8;118;0;0;0;0;0;0;0;0;0;0;0;0;;;;0;0;0;0;0;0;0;0;0;0;0;0;0;0;0;0;0;0;0;0;0;0;0;0;Regular Season;0;0;0;0;0;0;0;0;0;0
8087;1969;1;12;Olympia Stadium;0;9;120;0;0;0;0;0;0;0;0;0;0;0;0;;;;0;0;0;0;0;0;0;0;0;0;0;0;0;0;0;0;0;0;0;0;0;0;0;0;Regular Season;0;0;0;0;0;0;0;0;0;0
8088;1969;1;12;The Met Center;0;119;123;0;0;0;0;0;0;0;0;0;0;0;0;;;;0;0;0;0;0;0;0;0;0;0;0;0;0;0;0;0;0;0;0;0;0;0;0;0;Regular Season;0;0;0;0;0;0;0;0;0;0
8089;1969;1;14;The Forum;0;118;10;0;0;0;0;0;0;0;0;0;0;0;0;;;;0;0;0;0;0;0;0;0;0;0;0;0;0;0;0;0;0;0;0;0;0;0;0;0;Regular Season;0;0;0;0;0;0;0;0;0;0
8090;1969;1;15;The Met Center;0;119;122;0;0;0;0;0;0;0;0;0;0;0;0;;;;0;0;0;0;0;0;0;0;0;0;0;0;0;0;0;0;0;0;0;0;0;0;0;0;Regular Season;0;0;0;0;0;0;0;0;0;0
8091;1969;1;15;Montreal Forum;0;0;9;0;0;0;0;0;0;0;0;0;0;0;0;;;;0;0;0;0;0;0;0;0;0;0;0;0;0;0;0;0;0;0;0;0;0;0;0;0;Regular Season;0;0;0;0;0;0;0;0;0;0
8092;1969;1;15;Oakland Coliseum Arena;0;120;8;0;0;0;0;0;0;0;0;0;0;0;0;;;;0;0;0;0;0;0;0;0;0;0;0;0;0;0;0;0;0;0;0;0;0;0;0;0;Regular Season;0;0;0;0;0;0;0;0;0;0
8093;1969;1;15;St. Louis Arena;0;123;121;0;0;0;0;0;0;0;0;0;0;0;0;;;;0;0;0;0;0;0;0;0;0;0;0;0;0;0;0;0;0;0;0;0;0;0;0;0;Regular Season;0;0;0;0;0;0;0;0;0;0
8094;1969;1;15;Maple Leaf Gardens;0;3;5;0;0;0;0;0;0;0;0;0;0;0;0;;;;0;0;0;0;0;0;0;0;0;0;0;0;0;0;0;0;0;0;0;0;0;0;0;0;Regular Season;0;0;0;0;0;0;0;0;0;0
8095;1969;1;16;Boston Garden;0;5;119;0;0;0;0;0;0;0;0;0;0;0;0;;;;0;0;0;0;0;0;0;0;0;0;0;0;0;0;0;0;0;0;0;0;0;0;0;0;Regular Season;0;0;0;0;0;0;0;0;0;0
8096;1969;1;16;Olympia Stadium;0;9;122;0;0;0;0;0;0;0;0;0;0;0;0;;;;0;0;0;0;0;0;0;0;0;0;0;0;0;0;0;0;0;0;0;0;0;0;0;0;Regular Season;0;0;0;0;0;0;0;0;0;0
8097;1969;1;16;The Forum;0;118;8;0;0;0;0;0;0;0;0;0;0;0;0;;;;0;0;0;0;0;0;0;0;0;0;0;0;0;0;0;0;0;0;0;0;0;0;0;0;Regular Season;0;0;0;0;0;0;0;0;0;0
8098;1969;1;16;The Spectrum;0;121;0;0;0;0;0;0;0;0;0;0;0;0;0;;;;0;0;0;0;0;0;0;0;0;0;0;0;0;0;0;0;0;0;0;0;0;0;0;0;Regular Season;0;0;0;0;0;0;0;0;0;0
8099;1969;1;17;Oakland Coliseum Arena;0;120;10;0;0;0;0;0;0;0;0;0;0;0;0;;;;0;0;0;0;0;0;0;0;0;0;0;0;0;0;0;0;0;0;0;0;0;0;0;0;Regular Season;0;0;0;0;0;0;0;0;0;0
8100;1969;1;18;The Forum;0;118;122;0;0;0;0;0;0;0;0;0;0;0;0;;;;0;0;0;0;0;0;0;0;0;0;0;0;0;0;0;0;0;0;0;0;0;0;0;0;Regular Season;0;0;0;0;0;0;0;0;0;0
8101;1969;1;18;Montreal Forum;0;0;8;0;0;0;0;0;0;0;0;0;0;0;0;;;;0;0;0;0;0;0;0;0;0;0;0;0;0;0;0;0;0;0;0;0;0;0;0;0;Regular Season;0;0;0;0;0;0;0;0;0;0
8102;1969;1;18;The Spectrum;0;121;5;0;0;0;0;0;0;0;0;0;0;0;0;;;;0;0;0;0;0;0;0;0;0;0;0;0;0;0;0;0;0;0;0;0;0;0;0;0;Regular Season;0;0;0;0;0;0;0;0;0;0
8103;1969;1;18;St. Louis Arena;0;123;10;0;0;0;0;0;0;0;0;0;0;0;0;;;;0;0;0;0;0;0;0;0;0;0;0;0;0;0;0;0;0;0;0;0;0;0;0;0;Regular Season;0;0;0;0;0;0;0;0;0;0
8104;1969;1;18;Maple Leaf Gardens;0;3;9;0;0;0;0;0;0;0;0;0;0;0;0;;;;0;0;0;0;0;0;0;0;0;0;0;0;0;0;0;0;0;0;0;0;0;0;0;0;Regular Season;0;0;0;0;0;0;0;0;0;0
8105;1969;1;19;Boston Garden;0;5;3;0;0;0;0;0;0;0;0;0;0;0;0;;;;0;0;0;0;0;0;0;0;0;0;0;0;0;0;0;0;0;0;0;0;0;0;0;0;Regular Season;0;0;0;0;0;0;0;0;0;0
8106;1969;1;19;The Met Center;0;119;123;0;0;0;0;0;0;0;0;0;0;0;0;;;;0;0;0;0;0;0;0;0;0;0;0;0;0;0;0;0;0;0;0;0;0;0;0;0;Regular Season;0;0;0;0;0;0;0;0;0;0
8107;1969;1;19;Oakland Coliseum Arena;0;120;122;0;0;0;0;0;0;0;0;0;0;0;0;;;;0;0;0;0;0;0;0;0;0;0;0;0;0;0;0;0;0;0;0;0;0;0;0;0;Regular Season;0;0;0;0;0;0;0;0;0;0
8108;1969;1;19;The Spectrum;0;121;9;0;0;0;0;0;0;0;0;0;0;0;0;;;;0;0;0;0;0;0;0;0;0;0;0;0;0;0;0;0;0;0;0;0;0;0;0;0;Regular Season;0;0;0;0;0;0;0;0;0;0
8109;1969;1;23;Chicago Stadium;0;8;121;0;0;0;0;0;0;0;0;0;0;0;0;;;;0;0;0;0;0;0;0;0;0;0;0;0;0;0;0;0;0;0;0;0;0;0;0;0;Regular Season;0;0;0;0;0;0;0;0;0;0
8110;1969;1;23;Olympia Stadium;0;9;5;0;0;0;0;0;0;0;0;0;0;0;0;;;;0;0;0;0;0;0;0;0;0;0;0;0;0;0;0;0;0;0;0;0;0;0;0;0;Regular Season;0;0;0;0;0;0;0;0;0;0
8111;1969;1;23;Montreal Forum;0;0;120;0;0;0;0;0;0;0;0;0;0;0;0;;;;0;0;0;0;0;0;0;0;0;0;0;0;0;0;0;0;0;0;0;0;0;0;0;0;Regular Season;0;0;0;0;0;0;0;0;0;0
8112;1969;1;23;Madison Square Garden;0;10;118;0;0;0;0;0;0;0;0;0;0;0;0;;;;0;0;0;0;0;0;0;0;0;0;0;0;0;0;0;0;0;0;0;0;0;0;0;0;Regular Season;0;0;0;0;0;0;0;0;0;0
8113;1969;1;23;Pittsburgh Civic Arena;0;122;119;0;0;0;0;0;0;0;0;0;0;0;0;;;;0;0;0;0;0;0;0;0;0;0;0;0;0;0;0;0;0;0;0;0;0;0;0;0;Regular Season;0;0;0;0;0;0;0;0;0;0
8114;1969;1;23;St. Louis Arena;0;123;3;0;0;0;0;0;0;0;0;0;0;0;0;;;;0;0;0;0;0;0;0;0;0;0;0;0;0;0;0;0;0;0;0;0;0;0;0;0;Regular Season;0;0;0;0;0;0;0;0;0;0
8115;1969;1;25;Boston Garden;0;5;123;0;0;0;0;0;0;0;0;0;0;0;0;;;;0;0;0;0;0;0;0;0;0;0;0;0;0;0;0;0;0;0;0;0;0;0;0;0;Regular Season;0;0;0;0;0;0;0;0;0;0
8116;1969;1;25;Olympia Stadium;0;9;120;0;0;0;0;0;0;0;0;0;0;0;0;;;;0;0;0;0;0;0;0;0;0;0;0;0;0;0;0;0;0;0;0;0;0;0;0;0;Regular Season;0;0;0;0;0;0;0;0;0;0
8117;1969;1;25;The Met Center;0;119;118;0;0;0;0;0;0;0;0;0;0;0;0;;;;0;0;0;0;0;0;0;0;0;0;0;0;0;0;0;0;0;0;0;0;0;0;0;0;Regular Season;0;0;0;0;0;0;0;0;0;0
8118;1969;1;25;Montreal Forum;0;0;121;0;0;0;0;0;0;0;0;0;0;0;0;;;;0;0;0;0;0;0;0;0;0;0;0;0;0;0;0;0;0;0;0;0;0;0;0;0;Regular Season;0;0;0;0;0;0;0;0;0;0
8119;1969;1;25;Madison Square Garden;0;10;8;0;0;0;0;0;0;0;0;0;0;0;0;;;;0;0;0;0;0;0;0;0;0;0;0;0;0;0;0;0;0;0;0;0;0;0;0;0;Regular Season;0;0;0;0;0;0;0;0;0;0
8120;1969;1;25;Pittsburgh Civic Arena;0;122;3;0;0;0;0;0;0;0;0;0;0;0;0;;;;0;0;0;0;0;0;0;0;0;0;0;0;0;0;0;0;0;0;0;0;0;0;0;0;Regular Season;0;0;0;0;0;0;0;0;0;0
8121;1969;1;26;Boston Garden;0;5;119;0;0;0;0;0;0;0;0;0;0;0;0;;;;0;0;0;0;0;0;0;0;0;0;0;0;0;0;0;0;0;0;0;0;0;0;0;0;Regular Season;0;0;0;0;0;0;0;0;0;0
8122;1969;1;26;Chicago Stadium;0;8;118;0;0;0;0;0;0;0;0;0;0;0;0;;;;0;0;0;0;0;0;0;0;0;0;0;0;0;0;0;0;0;0;0;0;0;0;0;0;Regular Season;0;0;0;0;0;0;0;0;0;0
8123;1969;1;26;Olympia Stadium;0;9;3;0;0;0;0;0;0;0;0;0;0;0;0;;;;0;0;0;0;0;0;0;0;0;0;0;0;0;0;0;0;0;0;0;0;0;0;0;0;Regular Season;0;0;0;0;0;0;0;0;0;0
8124;1969;1;26;Madison Square Garden;0;10;0;0;0;0;0;0;0;0;0;0;0;0;0;;;;0;0;0;0;0;0;0;0;0;0;0;0;0;0;0;0;0;0;0;0;0;0;0;0;Regular Season;0;0;0;0;0;0;0;0;0;0
8125;1969;1;26;The Spectrum;0;121;122;0;0;0;0;0;0;0;0;0;0;0;0;;;;0;0;0;0;0;0;0;0;0;0;0;0;0;0;0;0;0;0;0;0;0;0;0;0;Regular Season;0;0;0;0;0;0;0;0;0;0
8126;1969;1;26;St. Louis Arena;0;123;120;0;0;0;0;0;0;0;0;0;0;0;0;;;;0;0;0;0;0;0;0;0;0;0;0;0;0;0;0;0;0;0;0;0;0;0;0;0;Regular Season;0;0;0;0;0;0;0;0;0;0
8127;1969;1;29;The Forum;0;118;3;0;0;0;0;0;0;0;0;0;0;0;0;;;;0;0;0;0;0;0;0;0;0;0;0;0;0;0;0;0;0;0;0;0;0;0;0;0;Regular Season;0;0;0;0;0;0;0;0;0;0
8128;1969;1;29;Montreal Forum;0;0;119;0;0;0;0;0;0;0;0;0;0;0;0;;;;0;0;0;0;0;0;0;0;0;0;0;0;0;0;0;0;0;0;0;0;0;0;0;0;Regular Season;0;0;0;0;0;0;0;0;0;0
8129;1969;1;29;Madison Square Garden;0;10;9;0;0;0;0;0;0;0;0;0;0;0;0;;;;0;0;0;0;0;0;0;0;0;0;0;0;0;0;0;0;0;0;0;0;0;0;0;0;Regular Season;0;0;0;0;0;0;0;0;0;0
8130;1969;1;29;Oakland Coliseum Arena;0;120;5;0;0;0;0;0;0;0;0;0;0;0;0;;;;0;0;0;0;0;0;0;0;0;0;0;0;0;0;0;0;0;0;0;0;0;0;0;0;Regular Season;0;0;0;0;0;0;0;0;0;0
8131;1969;1;29;Pittsburgh Civic Arena;0;122;123;0;0;0;0;0;0;0;0;0;0;0;0;;;;0;0;0;0;0;0;0;0;0;0;0;0;0;0;0;0;0;0;0;0;0;0;0;0;Regular Season;0;0;0;0;0;0;0;0;0;0
8132;1969;1;30;The Forum;0;118;5;0;0;0;0;0;0;0;0;0;0;0;0;;;;0;0;0;0;0;0;0;0;0;0;0;0;0;0;0;0;0;0;0;0;0;0;0;0;Regular Season;0;0;0;0;0;0;0;0;0;0
8133;1969;1;30;The Spectrum;0;121;8;0;0;0;0;0;0;0;0;0;0;0;0;;;;0;0;0;0;0;0;0;0;0;0;0;0;0;0;0;0;0;0;0;0;0;0;0;0;Regular Season;0;0;0;0;0;0;0;0;0;0
8134;1969;1;30;St. Louis Arena;0;123;10;0;0;0;0;0;0;0;0;0;0;0;0;;;;0;0;0;0;0;0;0;0;0;0;0;0;0;0;0;0;0;0;0;0;0;0;0;0;Regular Season;0;0;0;0;0;0;0;0;0;0
8135;1969;1;31;Oakland Coliseum Arena;0;120;3;0;0;0;0;0;0;0;0;0;0;0;0;;;;0;0;0;0;0;0;0;0;0;0;0;0;0;0;0;0;0;0;0;0;0;0;0;0;Regular Season;0;0;0;0;0;0;0;0;0;0
8136;1969;2;1;Olympia Stadium;0;9;123;0;0;0;0;0;0;0;0;0;0;0;0;;;;0;0;0;0;0;0;0;0;0;0;0;0;0;0;0;0;0;0;0;0;0;0;0;0;Regular Season;0;0;0;0;0;0;0;0;0;0
8137;1969;2;1;The Forum;0;118;120;0;0;0;0;0;0;0;0;0;0;0;0;;;;0;0;0;0;0;0;0;0;0;0;0;0;0;0;0;0;0;0;0;0;0;0;0;0;Regular Season;0;0;0;0;0;0;0;0;0;0
8138;1969;2;1;The Met Center;0;119;8;0;0;0;0;0;0;0;0;0;0;0;0;;;;0;0;0;0;0;0;0;0;0;0;0;0;0;0;0;0;0;0;0;0;0;0;0;0;Regular Season;0;0;0;0;0;0;0;0;0;0
8139;1969;2;1;Montreal Forum;0;0;10;0;0;0;0;0;0;0;0;0;0;0;0;;;;0;0;0;0;0;0;0;0;0;0;0;0;0;0;0;0;0;0;0;0;0;0;0;0;Regular Season;0;0;0;0;0;0;0;0;0;0
8140;1969;2;1;Pittsburgh Civic Arena;0;122;121;0;0;0;0;0;0;0;0;0;0;0;0;;;;0;0;0;0;0;0;0;0;0;0;0;0;0;0;0;0;0;0;0;0;0;0;0;0;Regular Season;0;0;0;0;0;0;0;0;0;0
8141;1969;2;2;Boston Garden;0;5;9;0;0;0;0;0;0;0;0;0;0;0;0;;;;0;0;0;0;0;0;0;0;0;0;0;0;0;0;0;0;0;0;0;0;0;0;0;0;Regular Season;0;0;0;0;0;0;0;0;0;0
8142;1969;2;2;Chicago Stadium;0;8;0;0;0;0;0;0;0;0;0;0;0;0;0;;;;0;0;0;0;0;0;0;0;0;0;0;0;0;0;0;0;0;0;0;0;0;0;0;0;Regular Season;0;0;0;0;0;0;0;0;0;0
8143;1969;2;2;Madison Square Garden;0;10;122;0;0;0;0;0;0;0;0;0;0;0;0;;;;0;0;0;0;0;0;0;0;0;0;0;0;0;0;0;0;0;0;0;0;0;0;0;0;Regular Season;0;0;0;0;0;0;0;0;0;0
8144;1969;2;2;The Spectrum;0;121;119;0;0;0;0;0;0;0;0;0;0;0;0;;;;0;0;0;0;0;0;0;0;0;0;0;0;0;0;0;0;0;0;0;0;0;0;0;0;Regular Season;0;0;0;0;0;0;0;0;0;0
8145;1969;2;2;St. Louis Arena;0;123;3;0;0;0;0;0;0;0;0;0;0;0;0;;;;0;0;0;0;0;0;0;0;0;0;0;0;0;0;0;0;0;0;0;0;0;0;0;0;Regular Season;0;0;0;0;0;0;0;0;0;0
8146;1969;2;4;The Forum;0;118;123;0;0;0;0;0;0;0;0;0;0;0;0;;;;0;0;0;0;0;0;0;0;0;0;0;0;0;0;0;0;0;0;0;0;0;0;0;0;Regular Season;0;0;0;0;0;0;0;0;0;0
8147;1969;2;4;The Spectrum;0;121;9;0;0;0;0;0;0;0;0;0;0;0;0;;;;0;0;0;0;0;0;0;0;0;0;0;0;0;0;0;0;0;0;0;0;0;0;0;0;Regular Season;0;0;0;0;0;0;0;0;0;0
8148;1969;2;5;Chicago Stadium;0;8;5;0;0;0;0;0;0;0;0;0;0;0;0;;;;0;0;0;0;0;0;0;0;0;0;0;0;0;0;0;0;0;0;0;0;0;0;0;0;Regular Season;0;0;0;0;0;0;0;0;0;0
8149;1969;2;5;Oakland Coliseum Arena;0;120;0;0;0;0;0;0;0;0;0;0;0;0;0;;;;0;0;0;0;0;0;0;0;0;0;0;0;0;0;0;0;0;0;0;0;0;0;0;0;Regular Season;0;0;0;0;0;0;0;0;0;0
8150;1969;2;5;Pittsburgh Civic Arena;0;122;10;0;0;0;0;0;0;0;0;0;0;0;0;;;;0;0;0;0;0;0;0;0;0;0;0;0;0;0;0;0;0;0;0;0;0;0;0;0;Regular Season;0;0;0;0;0;0;0;0;0;0
8151;1969;2;5;Maple Leaf Gardens;0;3;119;0;0;0;0;0;0;0;0;0;0;0;0;;;;0;0;0;0;0;0;0;0;0;0;0;0;0;0;0;0;0;0;0;0;0;0;0;0;Regular Season;0;0;0;0;0;0;0;0;0;0
8152;1969;2;6;Olympia Stadium;0;9;8;0;0;0;0;0;0;0;0;0;0;0;0;;;;0;0;0;0;0;0;0;0;0;0;0;0;0;0;0;0;0;0;0;0;0;0;0;0;Regular Season;0;0;0;0;0;0;0;0;0;0
8153;1969;2;6;The Forum;0;118;0;0;0;0;0;0;0;0;0;0;0;0;0;;;;0;0;0;0;0;0;0;0;0;0;0;0;0;0;0;0;0;0;0;0;0;0;0;0;Regular Season;0;0;0;0;0;0;0;0;0;0
8154;1969;2;6;St. Louis Arena;0;123;5;0;0;0;0;0;0;0;0;0;0;0;0;;;;0;0;0;0;0;0;0;0;0;0;0;0;0;0;0;0;0;0;0;0;0;0;0;0;Regular Season;0;0;0;0;0;0;0;0;0;0
8155;1969;2;8;Boston Garden;0;5;121;0;0;0;0;0;0;0;0;0;0;0;0;;;;0;0;0;0;0;0;0;0;0;0;0;0;0;0;0;0;0;0;0;0;0;0;0;0;Regular Season;0;0;0;0;0;0;0;0;0;0
8156;1969;2;8;Chicago Stadium;0;8;9;0;0;0;0;0;0;0;0;0;0;0;0;;;;0;0;0;0;0;0;0;0;0;0;0;0;0;0;0;0;0;0;0;0;0;0;0;0;Regular Season;0;0;0;0;0;0;0;0;0;0
8157;1969;2;8;The Met Center;0;119;0;0;0;0;0;0;0;0;0;0;0;0;0;;;;0;0;0;0;0;0;0;0;0;0;0;0;0;0;0;0;0;0;0;0;0;0;0;0;Regular Season;0;0;0;0;0;0;0;0;0;0
8158;1969;2;8;Madison Square Garden;0;10;123;0;0;0;0;0;0;0;0;0;0;0;0;;;;0;0;0;0;0;0;0;0;0;0;0;0;0;0;0;0;0;0;0;0;0;0;0;0;Regular Season;0;0;0;0;0;0;0;0;0;0
8159;1969;2;8;Pittsburgh Civic Arena;0;122;118;0;0;0;0;0;0;0;0;0;0;0;0;;;;0;0;0;0;0;0;0;0;0;0;0;0;0;0;0;0;0;0;0;0;0;0;0;0;Regular Season;0;0;0;0;0;0;0;0;0;0
8160;1969;2;8;Maple Leaf Gardens;0;3;120;0;0;0;0;0;0;0;0;0;0;0;0;;;;0;0;0;0;0;0;0;0;0;0;0;0;0;0;0;0;0;0;0;0;0;0;0;0;Regular Season;0;0;0;0;0;0;0;0;0;0
8161;1969;2;9;Boston Garden;0;5;120;0;0;0;0;0;0;0;0;0;0;0;0;;;;0;0;0;0;0;0;0;0;0;0;0;0;0;0;0;0;0;0;0;0;0;0;0;0;Regular Season;0;0;0;0;0;0;0;0;0;0
8162;1969;2;9;Chicago Stadium;0;8;3;0;0;0;0;0;0;0;0;0;0;0;0;;;;0;0;0;0;0;0;0;0;0;0;0;0;0;0;0;0;0;0;0;0;0;0;0;0;Regular Season;0;0;0;0;0;0;0;0;0;0
8163;1969;2;9;Olympia Stadium;0;9;118;0;0;0;0;0;0;0;0;0;0;0;0;;;;0;0;0;0;0;0;0;0;0;0;0;0;0;0;0;0;0;0;0;0;0;0;0;0;Regular Season;0;0;0;0;0;0;0;0;0;0
8164;1969;2;9;The Met Center;0;119;122;0;0;0;0;0;0;0;0;0;0;0;0;;;;0;0;0;0;0;0;0;0;0;0;0;0;0;0;0;0;0;0;0;0;0;0;0;0;Regular Season;0;0;0;0;0;0;0;0;0;0
8165;1969;2;9;Madison Square Garden;0;10;121;0;0;0;0;0;0;0;0;0;0;0;0;;;;0;0;0;0;0;0;0;0;0;0;0;0;0;0;0;0;0;0;0;0;0;0;0;0;Regular Season;0;0;0;0;0;0;0;0;0;0
8166;1969;2;9;St. Louis Arena;0;123;0;0;0;0;0;0;0;0;0;0;0;0;0;;;;0;0;0;0;0;0;0;0;0;0;0;0;0;0;0;0;0;0;0;0;0;0;0;0;Regular Season;0;0;0;0;0;0;0;0;0;0
8167;1969;2;11;Boston Garden;0;5;8;0;0;0;0;0;0;0;0;0;0;0;0;;;;0;0;0;0;0;0;0;0;0;0;0;0;0;0;0;0;0;0;0;0;0;0;0;0;Regular Season;0;0;0;0;0;0;0;0;0;0
8168;1969;2;11;Montreal Forum;0;0;118;0;0;0;0;0;0;0;0;0;0;0;0;;;;0;0;0;0;0;0;0;0;0;0;0;0;0;0;0;0;0;0;0;0;0;0;0;0;Regular Season;0;0;0;0;0;0;0;0;0;0
8169;1969;2;12;Chicago Stadium;0;8;121;0;0;0;0;0;0;0;0;0;0;0;0;;;;0;0;0;0;0;0;0;0;0;0;0;0;0;0;0;0;0;0;0;0;0;0;0;0;Regular Season;0;0;0;0;0;0;0;0;0;0
8170;1969;2;12;Oakland Coliseum Arena;0;120;10;0;0;0;0;0;0;0;0;0;0;0;0;;;;0;0;0;0;0;0;0;0;0;0;0;0;0;0;0;0;0;0;0;0;0;0;0;0;Regular Season;0;0;0;0;0;0;0;0;0;0
8171;1969;2;12;St. Louis Arena;0;123;122;0;0;0;0;0;0;0;0;0;0;0;0;;;;0;0;0;0;0;0;0;0;0;0;0;0;0;0;0;0;0;0;0;0;0;0;0;0;Regular Season;0;0;0;0;0;0;0;0;0;0
8172;1969;2;12;Maple Leaf Gardens;0;3;119;0;0;0;0;0;0;0;0;0;0;0;0;;;;0;0;0;0;0;0;0;0;0;0;0;0;0;0;0;0;0;0;0;0;0;0;0;0;Regular Season;0;0;0;0;0;0;0;0;0;0
8173;1969;2;13;Olympia Stadium;0;9;0;0;0;0;0;0;0;0;0;0;0;0;0;;;;0;0;0;0;0;0;0;0;0;0;0;0;0;0;0;0;0;0;0;0;0;0;0;0;Regular Season;0;0;0;0;0;0;0;0;0;0
8174;1969;2;13;The Forum;0;118;10;0;0;0;0;0;0;0;0;0;0;0;0;;;;0;0;0;0;0;0;0;0;0;0;0;0;0;0;0;0;0;0;0;0;0;0;0;0;Regular Season;0;0;0;0;0;0;0;0;0;0
8175;1969;2;13;The Spectrum;0;121;123;0;0;0;0;0;0;0;0;0;0;0;0;;;;0;0;0;0;0;0;0;0;0;0;0;0;0;0;0;0;0;0;0;0;0;0;0;0;Regular Season;0;0;0;0;0;0;0;0;0;0
8176;1969;2;15;The Met Center;0;119;9;0;0;0;0;0;0;0;0;0;0;0;0;;;;0;0;0;0;0;0;0;0;0;0;0;0;0;0;0;0;0;0;0;0;0;0;0;0;Regular Season;0;0;0;0;0;0;0;0;0;0
8177;1969;2;15;Montreal Forum;0;0;5;0;0;0;0;0;0;0;0;0;0;0;0;;;;0;0;0;0;0;0;0;0;0;0;0;0;0;0;0;0;0;0;0;0;0;0;0;0;Regular Season;0;0;0;0;0;0;0;0;0;0
8178;1969;2;15;The Spectrum;0;121;8;0;0;0;0;0;0;0;0;0;0;0;0;;;;0;0;0;0;0;0;0;0;0;0;0;0;0;0;0;0;0;0;0;0;0;0;0;0;Regular Season;0;0;0;0;0;0;0;0;0;0
8179;1969;2;15;Pittsburgh Civic Arena;0;122;120;0;0;0;0;0;0;0;0;0;0;0;0;;;;0;0;0;0;0;0;0;0;0;0;0;0;0;0;0;0;0;0;0;0;0;0;0;0;Regular Season;0;0;0;0;0;0;0;0;0;0
8180;1969;2;15;St. Louis Arena;0;123;118;0;0;0;0;0;0;0;0;0;0;0;0;;;;0;0;0;0;0;0;0;0;0;0;0;0;0;0;0;0;0;0;0;0;0;0;0;0;Regular Season;0;0;0;0;0;0;0;0;0;0
8181;1969;2;15;Maple Leaf Gardens;0;3;10;0;0;0;0;0;0;0;0;0;0;0;0;;;;0;0;0;0;0;0;0;0;0;0;0;0;0;0;0;0;0;0;0;0;0;0;0;0;Regular Season;0;0;0;0;0;0;0;0;0;0
8182;1969;2;16;Chicago Stadium;0;8;5;0;0;0;0;0;0;0;0;0;0;0;0;;;;0;0;0;0;0;0;0;0;0;0;0;0;0;0;0;0;0;0;0;0;0;0;0;0;Regular Season;0;0;0;0;0;0;0;0;0;0
8183;1969;2;16;Olympia Stadium;0;9;118;0;0;0;0;0;0;0;0;0;0;0;0;;;;0;0;0;0;0;0;0;0;0;0;0;0;0;0;0;0;0;0;0;0;0;0;0;0;Regular Season;0;0;0;0;0;0;0;0;0;0
8184;1969;2;16;Madison Square Garden;0;10;3;0;0;0;0;0;0;0;0;0;0;0;0;;;;0;0;0;0;0;0;0;0;0;0;0;0;0;0;0;0;0;0;0;0;0;0;0;0;Regular Season;0;0;0;0;0;0;0;0;0;0
8185;1969;2;16;The Spectrum;0;121;120;0;0;0;0;0;0;0;0;0;0;0;0;;;;0;0;0;0;0;0;0;0;0;0;0;0;0;0;0;0;0;0;0;0;0;0;0;0;Regular Season;0;0;0;0;0;0;0;0;0;0
8186;1969;2;16;Pittsburgh Civic Arena;0;122;0;0;0;0;0;0;0;0;0;0;0;0;0;;;;0;0;0;0;0;0;0;0;0;0;0;0;0;0;0;0;0;0;0;0;0;0;0;0;Regular Season;0;0;0;0;0;0;0;0;0;0
8187;1969;2;16;St. Louis Arena;0;123;119;0;0;0;0;0;0;0;0;0;0;0;0;;;;0;0;0;0;0;0;0;0;0;0;0;0;0;0;0;0;0;0;0;0;0;0;0;0;Regular Season;0;0;0;0;0;0;0;0;0;0
8188;1969;2;19;The Met Center;0;119;118;0;0;0;0;0;0;0;0;0;0;0;0;;;;0;0;0;0;0;0;0;0;0;0;0;0;0;0;0;0;0;0;0;0;0;0;0;0;Regular Season;0;0;0;0;0;0;0;0;0;0
8189;1969;2;19;Madison Square Garden;0;10;9;0;0;0;0;0;0;0;0;0;0;0;0;;;;0;0;0;0;0;0;0;0;0;0;0;0;0;0;0;0;0;0;0;0;0;0;0;0;Regular Season;0;0;0;0;0;0;0;0;0;0
8190;1969;2;19;Oakland Coliseum Arena;0;120;8;0;0;0;0;0;0;0;0;0;0;0;0;;;;0;0;0;0;0;0;0;0;0;0;0;0;0;0;0;0;0;0;0;0;0;0;0;0;Regular Season;0;0;0;0;0;0;0;0;0;0
8191;1969;2;19;Pittsburgh Civic Arena;0;122;5;0;0;0;0;0;0;0;0;0;0;0;0;;;;0;0;0;0;0;0;0;0;0;0;0;0;0;0;0;0;0;0;0;0;0;0;0;0;Regular Season;0;0;0;0;0;0;0;0;0;0
8192;1969;2;19;St. Louis Arena;0;123;121;0;0;0;0;0;0;0;0;0;0;0;0;;;;0;0;0;0;0;0;0;0;0;0;0;0;0;0;0;0;0;0;0;0;0;0;0;0;Regular Season;0;0;0;0;0;0;0;0;0;0
8193;1969;2;19;Maple Leaf Gardens;0;3;0;0;0;0;0;0;0;0;0;0;0;0;0;;;;0;0;0;0;0;0;0;0;0;0;0;0;0;0;0;0;0;0;0;0;0;0;0;0;Regular Season;0;0;0;0;0;0;0;0;0;0
8194;1969;2;20;Olympia Stadium;0;9;122;0;0;0;0;0;0;0;0;0;0;0;0;;;;0;0;0;0;0;0;0;0;0;0;0;0;0;0;0;0;0;0;0;0;0;0;0;0;Regular Season;0;0;0;0;0;0;0;0;0;0
8195;1969;2;20;The Forum;0;118;8;0;0;0;0;0;0;0;0;0;0;0;0;;;;0;0;0;0;0;0;0;0;0;0;0;0;0;0;0;0;0;0;0;0;0;0;0;0;Regular Season;0;0;0;0;0;0;0;0;0;0
8196;1969;2;20;Montreal Forum;0;0;3;0;0;0;0;0;0;0;0;0;0;0;0;;;;0;0;0;0;0;0;0;0;0;0;0;0;0;0;0;0;0;0;0;0;0;0;0;0;Regular Season;0;0;0;0;0;0;0;0;0;0
8197;1969;2;21;Oakland Coliseum Arena;0;120;123;0;0;0;0;0;0;0;0;0;0;0;0;;;;0;0;0;0;0;0;0;0;0;0;0;0;0;0;0;0;0;0;0;0;0;0;0;0;Regular Season;0;0;0;0;0;0;0;0;0;0
8198;1969;2;22;The Forum;0;118;123;0;0;0;0;0;0;0;0;0;0;0;0;;;;0;0;0;0;0;0;0;0;0;0;0;0;0;0;0;0;0;0;0;0;0;0;0;0;Regular Season;0;0;0;0;0;0;0;0;0;0
8199;1969;2;22;Montreal Forum;0;0;121;0;0;0;0;0;0;0;0;0;0;0;0;;;;0;0;0;0;0;0;0;0;0;0;0;0;0;0;0;0;0;0;0;0;0;0;0;0;Regular Season;0;0;0;0;0;0;0;0;0;0
8200;1969;2;22;Pittsburgh Civic Arena;0;122;9;0;0;0;0;0;0;0;0;0;0;0;0;;;;0;0;0;0;0;0;0;0;0;0;0;0;0;0;0;0;0;0;0;0;0;0;0;0;Regular Season;0;0;0;0;0;0;0;0;0;0
8201;1969;2;22;Maple Leaf Gardens;0;3;8;0;0;0;0;0;0;0;0;0;0;0;0;;;;0;0;0;0;0;0;0;0;0;0;0;0;0;0;0;0;0;0;0;0;0;0;0;0;Regular Season;0;0;0;0;0;0;0;0;0;0
8202;1969;2;23;Olympia Stadium;0;9;121;0;0;0;0;0;0;0;0;0;0;0;0;;;;0;0;0;0;0;0;0;0;0;0;0;0;0;0;0;0;0;0;0;0;0;0;0;0;Regular Season;0;0;0;0;0;0;0;0;0;0
8203;1969;2;23;The Met Center;0;119;3;0;0;0;0;0;0;0;0;0;0;0;0;;;;0;0;0;0;0;0;0;0;0;0;0;0;0;0;0;0;0;0;0;0;0;0;0;0;Regular Season;0;0;0;0;0;0;0;0;0;0
8204;1969;2;23;Madison Square Garden;0;10;5;0;0;0;0;0;0;0;0;0;0;0;0;;;;0;0;0;0;0;0;0;0;0;0;0;0;0;0;0;0;0;0;0;0;0;0;0;0;Regular Season;0;0;0;0;0;0;0;0;0;0
8205;1969;2;23;Oakland Coliseum Arena;0;120;118;0;0;0;0;0;0;0;0;0;0;0;0;;;;0;0;0;0;0;0;0;0;0;0;0;0;0;0;0;0;0;0;0;0;0;0;0;0;Regular Season;0;0;0;0;0;0;0;0;0;0
8206;1969;2;24;The Forum;0;118;119;0;0;0;0;0;0;0;0;0;0;0;0;;;;0;0;0;0;0;0;0;0;0;0;0;0;0;0;0;0;0;0;0;0;0;0;0;0;Regular Season;0;0;0;0;0;0;0;0;0;0
8207;1969;2;26;The Forum;0;118;5;0;0;0;0;0;0;0;0;0;0;0;0;;;;0;0;0;0;0;0;0;0;0;0;0;0;0;0;0;0;0;0;0;0;0;0;0;0;Regular Season;0;0;0;0;0;0;0;0;0;0
8208;1969;2;26;Montreal Forum;0;0;9;0;0;0;0;0;0;0;0;0;0;0;0;;;;0;0;0;0;0;0;0;0;0;0;0;0;0;0;0;0;0;0;0;0;0;0;0;0;Regular Season;0;0;0;0;0;0;0;0;0;0
8209;1969;2;26;Madison Square Garden;0;10;8;0;0;0;0;0;0;0;0;0;0;0;0;;;;0;0;0;0;0;0;0;0;0;0;0;0;0;0;0;0;0;0;0;0;0;0;0;0;Regular Season;0;0;0;0;0;0;0;0;0;0
8210;1969;2;26;Oakland Coliseum Arena;0;120;119;0;0;0;0;0;0;0;0;0;0;0;0;;;;0;0;0;0;0;0;0;0;0;0;0;0;0;0;0;0;0;0;0;0;0;0;0;0;Regular Season;0;0;0;0;0;0;0;0;0;0
8211;1969;2;26;Maple Leaf Gardens;0;3;123;0;0;0;0;0;0;0;0;0;0;0;0;;;;0;0;0;0;0;0;0;0;0;0;0;0;0;0;0;0;0;0;0;0;0;0;0;0;Regular Season;0;0;0;0;0;0;0;0;0;0
8212;1969;2;27;Oakland Coliseum Arena;0;120;5;0;0;0;0;0;0;0;0;0;0;0;0;;;;0;0;0;0;0;0;0;0;0;0;0;0;0;0;0;0;0;0;0;0;0;0;0;0;Regular Season;0;0;0;0;0;0;0;0;0;0
8213;1969;2;27;The Spectrum;0;121;3;0;0;0;0;0;0;0;0;0;0;0;0;;;;0;0;0;0;0;0;0;0;0;0;0;0;0;0;0;0;0;0;0;0;0;0;0;0;Regular Season;0;0;0;0;0;0;0;0;0;0
8214;1969;2;27;Pittsburgh Civic Arena;0;122;8;0;0;0;0;0;0;0;0;0;0;0;0;;;;0;0;0;0;0;0;0;0;0;0;0;0;0;0;0;0;0;0;0;0;0;0;0;0;Regular Season;0;0;0;0;0;0;0;0;0;0
8215;1969;3;1;Boston Garden;0;5;10;0;0;0;0;0;0;0;0;0;0;0;0;;;;0;0;0;0;0;0;0;0;0;0;0;0;0;0;0;0;0;0;0;0;0;0;0;0;Regular Season;0;0;0;0;0;0;0;0;0;0
8216;1969;3;1;The Forum;0;118;121;0;0;0;0;0;0;0;0;0;0;0;0;;;;0;0;0;0;0;0;0;0;0;0;0;0;0;0;0;0;0;0;0;0;0;0;0;0;Regular Season;0;0;0;0;0;0;0;0;0;0
8217;1969;3;1;The Met Center;0;119;9;0;0;0;0;0;0;0;0;0;0;0;0;;;;0;0;0;0;0;0;0;0;0;0;0;0;0;0;0;0;0;0;0;0;0;0;0;0;Regular Season;0;0;0;0;0;0;0;0;0;0
8218;1969;3;1;Montreal Forum;0;0;123;0;0;0;0;0;0;0;0;0;0;0;0;;;;0;0;0;0;0;0;0;0;0;0;0;0;0;0;0;0;0;0;0;0;0;0;0;0;Regular Season;0;0;0;0;0;0;0;0;0;0
8219;1969;3;1;Maple Leaf Gardens;0;3;122;0;0;0;0;0;0;0;0;0;0;0;0;;;;0;0;0;0;0;0;0;0;0;0;0;0;0;0;0;0;0;0;0;0;0;0;0;0;Regular Season;0;0;0;0;0;0;0;0;0;0
8220;1969;3;2;Boston Garden;0;5;122;0;0;0;0;0;0;0;0;0;0;0;0;;;;0;0;0;0;0;0;0;0;0;0;0;0;0;0;0;0;0;0;0;0;0;0;0;0;Regular Season;0;0;0;0;0;0;0;0;0;0
8221;1969;3;2;Olympia Stadium;0;9;0;0;0;0;0;0;0;0;0;0;0;0;0;;;;0;0;0;0;0;0;0;0;0;0;0;0;0;0;0;0;0;0;0;0;0;0;0;0;Regular Season;0;0;0;0;0;0;0;0;0;0
8222;1969;3;2;Madison Square Garden;0;10;123;0;0;0;0;0;0;0;0;0;0;0;0;;;;0;0;0;0;0;0;0;0;0;0;0;0;0;0;0;0;0;0;0;0;0;0;0;0;Regular Season;0;0;0;0;0;0;0;0;0;0
8223;1969;3;2;Oakland Coliseum Arena;0;120;121;0;0;0;0;0;0;0;0;0;0;0;0;;;;0;0;0;0;0;0;0;0;0;0;0;0;0;0;0;0;0;0;0;0;0;0;0;0;Regular Season;0;0;0;0;0;0;0;0;0;0
8224;1969;3;2;Maple Leaf Gardens;0;3;8;0;0;0;0;0;0;0;0;0;0;0;0;;;;0;0;0;0;0;0;0;0;0;0;0;0;0;0;0;0;0;0;0;0;0;0;0;0;Regular Season;0;0;0;0;0;0;0;0;0;0
8225;1969;3;3;Chicago Stadium;0;8;119;0;0;0;0;0;0;0;0;0;0;0;0;;;;0;0;0;0;0;0;0;0;0;0;0;0;0;0;0;0;0;0;0;0;0;0;0;0;Regular Season;0;0;0;0;0;0;0;0;0;0
8226;1969;3;5;Boston Garden;0;5;9;0;0;0;0;0;0;0;0;0;0;0;0;;;;0;0;0;0;0;0;0;0;0;0;0;0;0;0;0;0;0;0;0;0;0;0;0;0;Regular Season;0;0;0;0;0;0;0;0;0;0
8227;1969;3;5;Chicago Stadium;0;8;10;0;0;0;0;0;0;0;0;0;0;0;0;;;;0;0;0;0;0;0;0;0;0;0;0;0;0;0;0;0;0;0;0;0;0;0;0;0;Regular Season;0;0;0;0;0;0;0;0;0;0
8228;1969;3;5;The Met Center;0;119;120;0;0;0;0;0;0;0;0;0;0;0;0;;;;0;0;0;0;0;0;0;0;0;0;0;0;0;0;0;0;0;0;0;0;0;0;0;0;Regular Season;0;0;0;0;0;0;0;0;0;0
8229;1969;3;5;Pittsburgh Civic Arena;0;122;123;0;0;0;0;0;0;0;0;0;0;0;0;;;;0;0;0;0;0;0;0;0;0;0;0;0;0;0;0;0;0;0;0;0;0;0;0;0;Regular Season;0;0;0;0;0;0;0;0;0;0
8230;1969;3;5;Maple Leaf Gardens;0;3;118;0;0;0;0;0;0;0;0;0;0;0;0;;;;0;0;0;0;0;0;0;0;0;0;0;0;0;0;0;0;0;0;0;0;0;0;0;0;Regular Season;0;0;0;0;0;0;0;0;0;0
8231;1969;3;6;Olympia Stadium;0;9;10;0;0;0;0;0;0;0;0;0;0;0;0;;;;0;0;0;0;0;0;0;0;0;0;0;0;0;0;0;0;0;0;0;0;0;0;0;0;Regular Season;0;0;0;0;0;0;0;0;0;0
8232;1969;3;6;Montreal Forum;0;0;3;0;0;0;0;0;0;0;0;0;0;0;0;;;;0;0;0;0;0;0;0;0;0;0;0;0;0;0;0;0;0;0;0;0;0;0;0;0;Regular Season;0;0;0;0;0;0;0;0;0;0
8233;1969;3;6;The Spectrum;0;121;118;0;0;0;0;0;0;0;0;0;0;0;0;;;;0;0;0;0;0;0;0;0;0;0;0;0;0;0;0;0;0;0;0;0;0;0;0;0;Regular Season;0;0;0;0;0;0;0;0;0;0
8234;1969;3;8;Olympia Stadium;0;9;5;0;0;0;0;0;0;0;0;0;0;0;0;;;;0;0;0;0;0;0;0;0;0;0;0;0;0;0;0;0;0;0;0;0;0;0;0;0;Regular Season;0;0;0;0;0;0;0;0;0;0
8235;1969;3;8;Montreal Forum;0;0;118;0;0;0;0;0;0;0;0;0;0;0;0;;;;0;0;0;0;0;0;0;0;0;0;0;0;0;0;0;0;0;0;0;0;0;0;0;0;Regular Season;0;0;0;0;0;0;0;0;0;0
8236;1969;3;8;Pittsburgh Civic Arena;0;122;10;0;0;0;0;0;0;0;0;0;0;0;0;;;;0;0;0;0;0;0;0;0;0;0;0;0;0;0;0;0;0;0;0;0;0;0;0;0;Regular Season;0;0;0;0;0;0;0;0;0;0
8237;1969;3;8;St. Louis Arena;0;123;120;0;0;0;0;0;0;0;0;0;0;0;0;;;;0;0;0;0;0;0;0;0;0;0;0;0;0;0;0;0;0;0;0;0;0;0;0;0;Regular Season;0;0;0;0;0;0;0;0;0;0
8238;1969;3;8;Maple Leaf Gardens;0;3;121;0;0;0;0;0;0;0;0;0;0;0;0;;;;0;0;0;0;0;0;0;0;0;0;0;0;0;0;0;0;0;0;0;0;0;0;0;0;Regular Season;0;0;0;0;0;0;0;0;0;0
8239;1969;3;9;Boston Garden;0;5;118;0;0;0;0;0;0;0;0;0;0;0;0;;;;0;0;0;0;0;0;0;0;0;0;0;0;0;0;0;0;0;0;0;0;0;0;0;0;Regular Season;0;0;0;0;0;0;0;0;0;0
8240;1969;3;9;The Met Center;0;119;123;0;0;0;0;0;0;0;0;0;0;0;0;;;;0;0;0;0;0;0;0;0;0;0;0;0;0;0;0;0;0;0;0;0;0;0;0;0;Regular Season;0;0;0;0;0;0;0;0;0;0
8241;1969;3;9;Madison Square Garden;0;10;0;0;0;0;0;0;0;0;0;0;0;0;0;;;;0;0;0;0;0;0;0;0;0;0;0;0;0;0;0;0;0;0;0;0;0;0;0;0;Regular Season;0;0;0;0;0;0;0;0;0;0
8242;1969;3;9;The Spectrum;0;121;120;0;0;0;0;0;0;0;0;0;0;0;0;;;;0;0;0;0;0;0;0;0;0;0;0;0;0;0;0;0;0;0;0;0;0;0;0;0;Regular Season;0;0;0;0;0;0;0;0;0;0
8243;1969;3;11;The Met Center;0;119;5;0;0;0;0;0;0;0;0;0;0;0;0;;;;0;0;0;0;0;0;0;0;0;0;0;0;0;0;0;0;0;0;0;0;0;0;0;0;Regular Season;0;0;0;0;0;0;0;0;0;0
8244;1969;3;11;St. Louis Arena;0;123;0;0;0;0;0;0;0;0;0;0;0;0;0;;;;0;0;0;0;0;0;0;0;0;0;0;0;0;0;0;0;0;0;0;0;0;0;0;0;Regular Season;0;0;0;0;0;0;0;0;0;0
8245;1969;3;12;Chicago Stadium;0;8;120;0;0;0;0;0;0;0;0;0;0;0;0;;;;0;0;0;0;0;0;0;0;0;0;0;0;0;0;0;0;0;0;0;0;0;0;0;0;Regular Season;0;0;0;0;0;0;0;0;0;0
8246;1969;3;12;The Forum;0;118;3;0;0;0;0;0;0;0;0;0;0;0;0;;;;0;0;0;0;0;0;0;0;0;0;0;0;0;0;0;0;0;0;0;0;0;0;0;0;Regular Season;0;0;0;0;0;0;0;0;0;0
8247;1969;3;12;Madison Square Garden;0;10;122;0;0;0;0;0;0;0;0;0;0;0;0;;;;0;0;0;0;0;0;0;0;0;0;0;0;0;0;0;0;0;0;0;0;0;0;0;0;Regular Season;0;0;0;0;0;0;0;0;0;0
8248;1969;3;13;Montreal Forum;0;0;119;0;0;0;0;0;0;0;0;0;0;0;0;;;;0;0;0;0;0;0;0;0;0;0;0;0;0;0;0;0;0;0;0;0;0;0;0;0;Regular Season;0;0;0;0;0;0;0;0;0;0
8249;1969;3;13;Oakland Coliseum Arena;0;120;3;0;0;0;0;0;0;0;0;0;0;0;0;;;;0;0;0;0;0;0;0;0;0;0;0;0;0;0;0;0;0;0;0;0;0;0;0;0;Regular Season;0;0;0;0;0;0;0;0;0;0
8250;1969;3;13;The Spectrum;0;121;5;0;0;0;0;0;0;0;0;0;0;0;0;;;;0;0;0;0;0;0;0;0;0;0;0;0;0;0;0;0;0;0;0;0;0;0;0;0;Regular Season;0;0;0;0;0;0;0;0;0;0
8251;1969;3;15;The Forum;0;118;122;0;0;0;0;0;0;0;0;0;0;0;0;;;;0;0;0;0;0;0;0;0;0;0;0;0;0;0;0;0;0;0;0;0;0;0;0;0;Regular Season;0;0;0;0;0;0;0;0;0;0
8252;1969;3;15;The Met Center;0;119;121;0;0;0;0;0;0;0;0;0;0;0;0;;;;0;0;0;0;0;0;0;0;0;0;0;0;0;0;0;0;0;0;0;0;0;0;0;0;Regular Season;0;0;0;0;0;0;0;0;0;0
8253;1969;3;15;Montreal Forum;0;0;8;0;0;0;0;0;0;0;0;0;0;0;0;;;;0;0;0;0;0;0;0;0;0;0;0;0;0;0;0;0;0;0;0;0;0;0;0;0;Regular Season;0;0;0;0;0;0;0;0;0;0
8254;1969;3;15;St. Louis Arena;0;123;9;0;0;0;0;0;0;0;0;0;0;0;0;;;;0;0;0;0;0;0;0;0;0;0;0;0;0;0;0;0;0;0;0;0;0;0;0;0;Regular Season;0;0;0;0;0;0;0;0;0;0
8255;1969;3;15;Maple Leaf Gardens;0;3;5;0;0;0;0;0;0;0;0;0;0;0;0;;;;0;0;0;0;0;0;0;0;0;0;0;0;0;0;0;0;0;0;0;0;0;0;0;0;Regular Season;0;0;0;0;0;0;0;0;0;0
8256;1969;3;16;Boston Garden;0;5;3;0;0;0;0;0;0;0;0;0;0;0;0;;;;0;0;0;0;0;0;0;0;0;0;0;0;0;0;0;0;0;0;0;0;0;0;0;0;Regular Season;0;0;0;0;0;0;0;0;0;0
8257;1969;3;16;Chicago Stadium;0;8;121;0;0;0;0;0;0;0;0;0;0;0;0;;;;0;0;0;0;0;0;0;0;0;0;0;0;0;0;0;0;0;0;0;0;0;0;0;0;Regular Season;0;0;0;0;0;0;0;0;0;0
8258;1969;3;16;Madison Square Garden;0;10;9;0;0;0;0;0;0;0;0;0;0;0;0;;;;0;0;0;0;0;0;0;0;0;0;0;0;0;0;0;0;0;0;0;0;0;0;0;0;Regular Season;0;0;0;0;0;0;0;0;0;0
8259;1969;3;16;Oakland Coliseum Arena;0;120;122;0;0;0;0;0;0;0;0;0;0;0;0;;;;0;0;0;0;0;0;0;0;0;0;0;0;0;0;0;0;0;0;0;0;0;0;0;0;Regular Season;0;0;0;0;0;0;0;0;0;0
8260;1969;3;16;St. Louis Arena;0;123;119;0;0;0;0;0;0;0;0;0;0;0;0;;;;0;0;0;0;0;0;0;0;0;0;0;0;0;0;0;0;0;0;0;0;0;0;0;0;Regular Season;0;0;0;0;0;0;0;0;0;0
8261;1969;3;18;The Forum;0;118;120;0;0;0;0;0;0;0;0;0;0;0;0;;;;0;0;0;0;0;0;0;0;0;0;0;0;0;0;0;0;0;0;0;0;0;0;0;0;Regular Season;0;0;0;0;0;0;0;0;0;0
8262;1969;3;19;Chicago Stadium;0;8;0;0;0;0;0;0;0;0;0;0;0;0;0;;;;0;0;0;0;0;0;0;0;0;0;0;0;0;0;0;0;0;0;0;0;0;0;0;0;Regular Season;0;0;0;0;0;0;0;0;0;0
8263;1969;3;19;The Met Center;0;119;10;0;0;0;0;0;0;0;0;0;0;0;0;;;;0;0;0;0;0;0;0;0;0;0;0;0;0;0;0;0;0;0;0;0;0;0;0;0;Regular Season;0;0;0;0;0;0;0;0;0;0
8264;1969;3;19;Oakland Coliseum Arena;0;120;9;0;0;0;0;0;0;0;0;0;0;0;0;;;;0;0;0;0;0;0;0;0;0;0;0;0;0;0;0;0;0;0;0;0;0;0;0;0;Regular Season;0;0;0;0;0;0;0;0;0;0
8265;1969;3;19;Pittsburgh Civic Arena;0;122;5;0;0;0;0;0;0;0;0;0;0;0;0;;;;0;0;0;0;0;0;0;0;0;0;0;0;0;0;0;0;0;0;0;0;0;0;0;0;Regular Season;0;0;0;0;0;0;0;0;0;0
8266;1969;3;19;St. Louis Arena;0;123;3;0;0;0;0;0;0;0;0;0;0;0;0;;;;0;0;0;0;0;0;0;0;0;0;0;0;0;0;0;0;0;0;0;0;0;0;0;0;Regular Season;0;0;0;0;0;0;0;0;0;0
8267;1969;3;20;Boston Garden;0;5;8;0;0;0;0;0;0;0;0;0;0;0;0;;;;0;0;0;0;0;0;0;0;0;0;0;0;0;0;0;0;0;0;0;0;0;0;0;0;Regular Season;0;0;0;0;0;0;0;0;0;0
8268;1969;3;20;The Forum;0;118;9;0;0;0;0;0;0;0;0;0;0;0;0;;;;0;0;0;0;0;0;0;0;0;0;0;0;0;0;0;0;0;0;0;0;0;0;0;0;Regular Season;0;0;0;0;0;0;0;0;0;0
8269;1969;3;20;Montreal Forum;0;0;122;0;0;0;0;0;0;0;0;0;0;0;0;;;;0;0;0;0;0;0;0;0;0;0;0;0;0;0;0;0;0;0;0;0;0;0;0;0;Regular Season;0;0;0;0;0;0;0;0;0;0
8270;1969;3;20;The Spectrum;0;121;119;0;0;0;0;0;0;0;0;0;0;0;0;;;;0;0;0;0;0;0;0;0;0;0;0;0;0;0;0;0;0;0;0;0;0;0;0;0;Regular Season;0;0;0;0;0;0;0;0;0;0
8271;1969;3;22;Chicago Stadium;0;8;5;0;0;0;0;0;0;0;0;0;0;0;0;;;;0;0;0;0;0;0;0;0;0;0;0;0;0;0;0;0;0;0;0;0;0;0;0;0;Regular Season;0;0;0;0;0;0;0;0;0;0
8272;1969;3;22;The Forum;0;118;120;0;0;0;0;0;0;0;0;0;0;0;0;;;;0;0;0;0;0;0;0;0;0;0;0;0;0;0;0;0;0;0;0;0;0;0;0;0;Regular Season;0;0;0;0;0;0;0;0;0;0
8273;1969;3;22;The Met Center;0;119;121;0;0;0;0;0;0;0;0;0;0;0;0;;;;0;0;0;0;0;0;0;0;0;0;0;0;0;0;0;0;0;0;0;0;0;0;0;0;Regular Season;0;0;0;0;0;0;0;0;0;0
8274;1969;3;22;Montreal Forum;0;0;10;0;0;0;0;0;0;0;0;0;0;0;0;;;;0;0;0;0;0;0;0;0;0;0;0;0;0;0;0;0;0;0;0;0;0;0;0;0;Regular Season;0;0;0;0;0;0;0;0;0;0
8275;1969;3;22;St. Louis Arena;0;123;122;0;0;0;0;0;0;0;0;0;0;0;0;;;;0;0;0;0;0;0;0;0;0;0;0;0;0;0;0;0;0;0;0;0;0;0;0;0;Regular Season;0;0;0;0;0;0;0;0;0;0
8276;1969;3;22;Maple Leaf Gardens;0;3;9;0;0;0;0;0;0;0;0;0;0;0;0;;;;0;0;0;0;0;0;0;0;0;0;0;0;0;0;0;0;0;0;0;0;0;0;0;0;Regular Season;0;0;0;0;0;0;0;0;0;0
8277;1969;3;23;Chicago Stadium;0;8;3;0;0;0;0;0;0;0;0;0;0;0;0;;;;0;0;0;0;0;0;0;0;0;0;0;0;0;0;0;0;0;0;0;0;0;0;0;0;Regular Season;0;0;0;0;0;0;0;0;0;0
8278;1969;3;23;Madison Square Garden;0;10;5;0;0;0;0;0;0;0;0;0;0;0;0;;;;0;0;0;0;0;0;0;0;0;0;0;0;0;0;0;0;0;0;0;0;0;0;0;0;Regular Season;0;0;0;0;0;0;0;0;0;0
8279;1969;3;23;Oakland Coliseum Arena;0;120;118;0;0;0;0;0;0;0;0;0;0;0;0;;;;0;0;0;0;0;0;0;0;0;0;0;0;0;0;0;0;0;0;0;0;0;0;0;0;Regular Season;0;0;0;0;0;0;0;0;0;0
8280;1969;3;23;The Spectrum;0;121;123;0;0;0;0;0;0;0;0;0;0;0;0;;;;0;0;0;0;0;0;0;0;0;0;0;0;0;0;0;0;0;0;0;0;0;0;0;0;Regular Season;0;0;0;0;0;0;0;0;0;0
8281;1969;3;23;Pittsburgh Civic Arena;0;122;119;0;0;0;0;0;0;0;0;0;0;0;0;;;;0;0;0;0;0;0;0;0;0;0;0;0;0;0;0;0;0;0;0;0;0;0;0;0;Regular Season;0;0;0;0;0;0;0;0;0;0
8282;1969;3;25;The Met Center;0;119;122;0;0;0;0;0;0;0;0;0;0;0;0;;;;0;0;0;0;0;0;0;0;0;0;0;0;0;0;0;0;0;0;0;0;0;0;0;0;Regular Season;0;0;0;0;0;0;0;0;0;0
8283;1969;3;26;Chicago Stadium;0;8;10;0;0;0;0;0;0;0;0;0;0;0;0;;;;0;0;0;0;0;0;0;0;0;0;0;0;0;0;0;0;0;0;0;0;0;0;0;0;Regular Season;0;0;0;0;0;0;0;0;0;0
8284;1969;3;26;Oakland Coliseum Arena;0;120;123;0;0;0;0;0;0;0;0;0;0;0;0;;;;0;0;0;0;0;0;0;0;0;0;0;0;0;0;0;0;0;0;0;0;0;0;0;0;Regular Season;0;0;0;0;0;0;0;0;0;0
8285;1969;3;26;Pittsburgh Civic Arena;0;122;118;0;0;0;0;0;0;0;0;0;0;0;0;;;;0;0;0;0;0;0;0;0;0;0;0;0;0;0;0;0;0;0;0;0;0;0;0;0;Regular Season;0;0;0;0;0;0;0;0;0;0
8286;1969;3;26;Maple Leaf Gardens;0;3;0;0;0;0;0;0;0;0;0;0;0;0;0;;;;0;0;0;0;0;0;0;0;0;0;0;0;0;0;0;0;0;0;0;0;0;0;0;0;Regular Season;0;0;0;0;0;0;0;0;0;0
8287;1969;3;27;Boston Garden;0;5;10;0;0;0;0;0;0;0;0;0;0;0;0;;;;0;0;0;0;0;0;0;0;0;0;0;0;0;0;0;0;0;0;0;0;0;0;0;0;Regular Season;0;0;0;0;0;0;0;0;0;0
8288;1969;3;27;Olympia Stadium;0;9;3;0;0;0;0;0;0;0;0;0;0;0;0;;;;0;0;0;0;0;0;0;0;0;0;0;0;0;0;0;0;0;0;0;0;0;0;0;0;Regular Season;0;0;0;0;0;0;0;0;0;0
8289;1969;3;27;The Spectrum;0;121;118;0;0;0;0;0;0;0;0;0;0;0;0;;;;0;0;0;0;0;0;0;0;0;0;0;0;0;0;0;0;0;0;0;0;0;0;0;0;Regular Season;0;0;0;0;0;0;0;0;0;0
8290;1969;3;29;Olympia Stadium;0;9;8;0;0;0;0;0;0;0;0;0;0;0;0;;;;0;0;0;0;0;0;0;0;0;0;0;0;0;0;0;0;0;0;0;0;0;0;0;0;Regular Season;0;0;0;0;0;0;0;0;0;0
8291;1969;3;29;The Forum;0;118;123;0;0;0;0;0;0;0;0;0;0;0;0;;;;0;0;0;0;0;0;0;0;0;0;0;0;0;0;0;0;0;0;0;0;0;0;0;0;Regular Season;0;0;0;0;0;0;0;0;0;0
8292;1969;3;29;Montreal Forum;0;0;5;0;0;0;0;0;0;0;0;0;0;0;0;;;;0;0;0;0;0;0;0;0;0;0;0;0;0;0;0;0;0;0;0;0;0;0;0;0;Regular Season;0;0;0;0;0;0;0;0;0;0
8293;1969;3;29;Oakland Coliseum Arena;0;120;119;0;0;0;0;0;0;0;0;0;0;0;0;;;;0;0;0;0;0;0;0;0;0;0;0;0;0;0;0;0;0;0;0;0;0;0;0;0;Regular Season;0;0;0;0;0;0;0;0;0;0
8294;1969;3;29;The Spectrum;0;121;122;0;0;0;0;0;0;0;0;0;0;0;0;;;;0;0;0;0;0;0;0;0;0;0;0;0;0;0;0;0;0;0;0;0;0;0;0;0;Regular Season;0;0;0;0;0;0;0;0;0;0
8295;1969;3;29;Maple Leaf Gardens;0;3;10;0;0;0;0;0;0;0;0;0;0;0;0;;;;0;0;0;0;0;0;0;0;0;0;0;0;0;0;0;0;0;0;0;0;0;0;0;0;Regular Season;0;0;0;0;0;0;0;0;0;0
8296;1969;3;30;Boston Garden;0;5;0;0;0;0;0;0;0;0;0;0;0;0;0;;;;0;0;0;0;0;0;0;0;0;0;0;0;0;0;0;0;0;0;0;0;0;0;0;0;Regular Season;0;0;0;0;0;0;0;0;0;0
8297;1969;3;30;Chicago Stadium;0;8;9;0;0;0;0;0;0;0;0;0;0;0;0;;;;0;0;0;0;0;0;0;0;0;0;0;0;0;0;0;0;0;0;0;0;0;0;0;0;Regular Season;0;0;0;0;0;0;0;0;0;0
8298;1969;3;30;The Forum;0;118;119;0;0;0;0;0;0;0;0;0;0;0;0;;;;0;0;0;0;0;0;0;0;0;0;0;0;0;0;0;0;0;0;0;0;0;0;0;0;Regular Season;0;0;0;0;0;0;0;0;0;0
8299;1969;3;30;Madison Square Garden;0;10;3;0;0;0;0;0;0;0;0;0;0;0;0;;;;0;0;0;0;0;0;0;0;0;0;0;0;0;0;0;0;0;0;0;0;0;0;0;0;Regular Season;0;0;0;0;0;0;0;0;0;0
8300;1969;3;30;Pittsburgh Civic Arena;0;122;121;0;0;0;0;0;0;0;0;0;0;0;0;;;;0;0;0;0;0;0;0;0;0;0;0;0;0;0;0;0;0;0;0;0;0;0;0;0;Regular Season;0;0;0;0;0;0;0;0;0;0
8302;1968;9;27;The Met Center;8827;119;123;1;6;1;0;0;0;0;3;3;0;0;0;3967;3862;4357;28;27;13;11;18;13;7;7;10;7;25;12;8;6;5;0;7;7;2;0;0;3;0;4;Pre-Season;5;13;8;1;1;2;10;5;9;1
8304;1968;9;27;Maple Leaf Gardens;16146;3;10;2;1;0;1;1;0;0;0;0;1;0;0;4475;4355;4601;65;43;14;22;16;21;5;12;10;10;24;25;15;14;3;0;13;9;4;0;0;1;0;2;Pre-Season;18;25;9;10;3;6;17;11;9;0
8306;1968;9;27;Chicago Stadium;12464;8;118;4;1;2;1;1;0;0;0;1;0;0;0;4940;4369;5288;41;32;24;26;23;21;9;5;5;6;22;20;10;10;5;0;7;10;3;0;2;3;1;2;Pre-Season;12;10;10;4;5;5;15;6;4;2
8308;1968;9;27;Oakland Coliseum Arena;7486;120;9;3;0;0;3;0;0;0;0;0;0;0;0;4751;5403;5072;43;41;25;22;27;16;6;16;5;10;32;22;10;12;6;0;6;4;10;0;1;7;0;6;Pre-Season;5;18;10;9;1;11;10;7;6;7
8310;1968;9;27;The Spectrum;11557;121;5;2;6;1;1;0;0;0;2;2;2;0;0;4149;5286;4762;55;70;11;11;19;31;10;12;7;10;21;24;11;9;10;0;8;22;14;0;0;3;1;3;Pre-Season;9;16;18;8;4;5;27;14;14;10
8312;1968;9;27;Montreal Forum;18200;0;122;3;0;2;1;0;0;0;0;0;0;0;0;5075;4060;4160;42;38;22;16;31;23;10;11;6;9;25;18;8;13;4;0;7;8;7;0;1;3;0;6;Pre-Season;8;19;8;5;2;10;13;6;6;3
8314;1968;9;29;Pittsburgh Civic Arena;10254;122;5;4;5;0;1;3;0;0;1;1;3;0;0;3885;4609;4146;49;57;15;15;21;19;13;14;11;10;22;24;8;11;10;0;13;12;12;0;1;4;2;5;Pre-Season;7;17;12;6;7;9;18;9;11;10
8316;1968;9;29;Maple Leaf Gardens;16214;3;0;6;2;2;3;1;0;0;1;1;0;0;0;4938;3450;4138;61;46;17;15;13;17;5;11;12;6;23;20;14;20;6;0;8;6;7;0;1;5;0;6;Pre-Season;7;28;11;11;4;12;16;6;8;4
8318;1968;9;29;The Spectrum;11424;121;120;7;2;4;2;1;0;0;1;0;1;0;0;5290;5231;4721;42;21;9;11;22;24;7;8;12;16;23;25;13;11;3;0;2;4;3;0;1;3;1;3;Pre-Season;4;14;10;9;5;7;6;6;2;0
8320;1968;9;29;St. Louis Arena;7595;123;9;3;3;2;0;1;0;0;1;1;1;0;0;4490;4723;3862;48;57;16;30;13;18;4;12;8;10;24;26;7;11;10;0;12;9;13;0;1;5;0;3;Pre-Season;5;22;14;4;3;14;16;16;5;6
8322;1968;9;29;The Forum;12034;118;119;3;0;1;1;1;0;0;0;0;0;0;0;5060;5287;5703;32;38;4;6;30;24;7;8;4;6;15;27;5;6;7;0;6;13;8;0;1;3;0;2;Pre-Season;6;16;4;5;1;4;17;5;7;5
8324;1968;9;29;Madison Square Garden;13890;10;8;6;1;1;5;0;0;0;1;0;0;0;0;2831;3053;5058;37;36;26;20;24;11;8;4;8;10;21;33;9;14;5;0;10;4;10;0;3;5;0;3;Pre-Season;5;13;13;3;3;6;12;9;8;1
8326;1968;9;30;The Spectrum;11493;121;118;1;3;1;0;0;0;0;1;2;0;0;0;5088;4721;4959;38;49;10;6;16;40;12;11;7;12;19;26;9;5;2;0;10;12;9;0;0;4;0;5;Pre-Season;13;10;8;5;2;5;18;12;7;7
8328;1968;9;30;The Met Center;8935;119;10;0;0;0;0;0;0;0;0;0;0;0;0;3320;5461;5227;38;52;27;21;25;19;7;11;12;7;24;24;5;3;8;0;13;16;10;0;0;3;0;6;Pre-Season;13;16;8;1;0;5;20;14;7;6
8330;1968;9;30;St. Louis Arena;8460;123;3;3;11;0;1;2;0;0;6;3;2;0;0;4365;4601;4475;31;45;15;7;9;14;8;8;8;5;18;19;5;8;7;0;19;11;6;0;0;1;0;0;Pre-Season;3;12;9;3;4;0;12;8;12;13
8332;1968;9;30;Chicago Stadium;13949;8;122;5;5;0;3;2;0;0;2;1;2;0;0;5680;5694;5271;55;48;8;2;22;13;9;8;21;8;23;26;5;6;20;0;8;8;9;0;0;1;2;4;Pre-Season;10;20;15;7;3;9;20;12;5;2
8334;1968;9;30;Montreal Forum;18148;0;9;8;2;5;2;1;0;0;0;2;0;0;0;5475;5075;5265;29;32;24;18;20;16;7;4;4;11;27;26;7;8;4;0;8;6;4;0;0;4;1;2;Pre-Season;5;5;13;6;0;5;10;7;7;3
8336;1968;9;30;Boston Garden;11052;5;120;3;3;1;0;2;0;0;2;0;1;0;0;3337;5403;4152;57;36;6;8;30;32;13;6;1;11;33;23;13;16;9;0;9;5;7;0;0;4;1;3;Pre-Season;14;21;14;1;7;6;17;7;3;3
8338;1968;10;2;The Spectrum;0;121;123;0;0;0;0;0;0;0;0;0;0;0;0;;;;0;0;0;0;0;0;0;0;0;0;0;0;0;0;0;0;0;0;0;0;0;0;0;0;Pre-Season;0;0;0;0;0;0;0;0;0;0
8340;1968;10;2;Oakland Coliseum Arena;0;120;0;0;0;0;0;0;0;0;0;0;0;0;0;;;;0;0;0;0;0;0;0;0;0;0;0;0;0;0;0;0;0;0;0;0;0;0;0;0;Pre-Season;0;0;0;0;0;0;0;0;0;0
8342;1968;10;2;Pittsburgh Civic Arena;0;122;9;0;0;0;0;0;0;0;0;0;0;0;0;;;;0;0;0;0;0;0;0;0;0;0;0;0;0;0;0;0;0;0;0;0;0;0;0;0;Pre-Season;0;0;0;0;0;0;0;0;0;0
8344;1968;10;2;Chicago Stadium;0;8;5;0;0;0;0;0;0;0;0;0;0;0;0;;;;0;0;0;0;0;0;0;0;0;0;0;0;0;0;0;0;0;0;0;0;0;0;0;0;Pre-Season;0;0;0;0;0;0;0;0;0;0
8346;1968;10;2;The Forum;0;118;3;0;0;0;0;0;0;0;0;0;0;0;0;;;;0;0;0;0;0;0;0;0;0;0;0;0;0;0;0;0;0;0;0;0;0;0;0;0;Pre-Season;0;0;0;0;0;0;0;0;0;0
8348;1968;10;2;Madison Square Garden;0;10;119;0;0;0;0;0;0;0;0;0;0;0;0;;;;0;0;0;0;0;0;0;0;0;0;0;0;0;0;0;0;0;0;0;0;0;0;0;0;Pre-Season;0;0;0;0;0;0;0;0;0;0
8350;1968;10;3;Montreal Forum;0;0;3;0;0;0;0;0;0;0;0;0;0;0;0;;;;0;0;0;0;0;0;0;0;0;0;0;0;0;0;0;0;0;0;0;0;0;0;0;0;Pre-Season;0;0;0;0;0;0;0;0;0;0
8352;1968;10;3;St. Louis Arena;0;123;8;0;0;0;0;0;0;0;0;0;0;0;0;;;;0;0;0;0;0;0;0;0;0;0;0;0;0;0;0;0;0;0;0;0;0;0;0;0;Pre-Season;0;0;0;0;0;0;0;0;0;0
8354;1968;10;3;Oakland Coliseum Arena;0;120;118;0;0;0;0;0;0;0;0;0;0;0;0;;;;0;0;0;0;0;0;0;0;0;0;0;0;0;0;0;0;0;0;0;0;0;0;0;0;Pre-Season;0;0;0;0;0;0;0;0;0;0
8356;1968;10;3;Olympia Stadium;0;9;122;0;0;0;0;0;0;0;0;0;0;0;0;;;;0;0;0;0;0;0;0;0;0;0;0;0;0;0;0;0;0;0;0;0;0;0;0;0;Pre-Season;0;0;0;0;0;0;0;0;0;0
8358;1968;10;3;Madison Square Garden;0;10;121;0;0;0;0;0;0;0;0;0;0;0;0;;;;0;0;0;0;0;0;0;0;0;0;0;0;0;0;0;0;0;0;0;0;0;0;0;0;Pre-Season;0;0;0;0;0;0;0;0;0;0
8360;1968;10;3;The Met Center;0;119;5;0;0;0;0;0;0;0;0;0;0;0;0;;;;0;0;0;0;0;0;0;0;0;0;0;0;0;0;0;0;0;0;0;0;0;0;0;0;Pre-Season;0;0;0;0;0;0;0;0;0;0
8362;1968;10;5;Olympia Stadium;0;9;120;0;0;0;0;0;0;0;0;0;0;0;0;;;;0;0;0;0;0;0;0;0;0;0;0;0;0;0;0;0;0;0;0;0;0;0;0;0;Pre-Season;0;0;0;0;0;0;0;0;0;0
8364;1968;10;5;Maple Leaf Gardens;0;3;5;0;0;0;0;0;0;0;0;0;0;0;0;;;;0;0;0;0;0;0;0;0;0;0;0;0;0;0;0;0;0;0;0;0;0;0;0;0;Pre-Season;0;0;0;0;0;0;0;0;0;0
8366;1968;10;5;Madison Square Garden;0;10;119;0;0;0;0;0;0;0;0;0;0;0;0;;;;0;0;0;0;0;0;0;0;0;0;0;0;0;0;0;0;0;0;0;0;0;0;0;0;Pre-Season;0;0;0;0;0;0;0;0;0;0
8368;1968;10;5;Pittsburgh Civic Arena;0;122;123;0;0;0;0;0;0;0;0;0;0;0;0;;;;0;0;0;0;0;0;0;0;0;0;0;0;0;0;0;0;0;0;0;0;0;0;0;0;Pre-Season;0;0;0;0;0;0;0;0;0;0
8370;1968;10;5;The Spectrum;0;121;8;0;0;0;0;0;0;0;0;0;0;0;0;;;;0;0;0;0;0;0;0;0;0;0;0;0;0;0;0;0;0;0;0;0;0;0;0;0;Pre-Season;0;0;0;0;0;0;0;0;0;0
8372;1968;10;5;The Forum;0;118;0;0;0;0;0;0;0;0;0;0;0;0;0;;;;0;0;0;0;0;0;0;0;0;0;0;0;0;0;0;0;0;0;0;0;0;0;0;0;Pre-Season;0;0;0;0;0;0;0;0;0;0
8374;1968;10;6;Olympia Stadium;0;9;121;0;0;0;0;0;0;0;0;0;0;0;0;;;;0;0;0;0;0;0;0;0;0;0;0;0;0;0;0;0;0;0;0;0;0;0;0;0;Pre-Season;0;0;0;0;0;0;0;0;0;0
8376;1968;10;6;Boston Garden;0;5;123;0;0;0;0;0;0;0;0;0;0;0;0;;;;0;0;0;0;0;0;0;0;0;0;0;0;0;0;0;0;0;0;0;0;0;0;0;0;Pre-Season;0;0;0;0;0;0;0;0;0;0
8378;1968;10;6;Montreal Forum;0;0;120;0;0;0;0;0;0;0;0;0;0;0;0;;;;0;0;0;0;0;0;0;0;0;0;0;0;0;0;0;0;0;0;0;0;0;0;0;0;Pre-Season;0;0;0;0;0;0;0;0;0;0
8380;1968;10;6;The Met Center;0;119;3;0;0;0;0;0;0;0;0;0;0;0;0;;;;0;0;0;0;0;0;0;0;0;0;0;0;0;0;0;0;0;0;0;0;0;0;0;0;Pre-Season;0;0;0;0;0;0;0;0;0;0
8382;1968;10;6;Chicago Stadium;0;8;10;0;0;0;0;0;0;0;0;0;0;0;0;;;;0;0;0;0;0;0;0;0;0;0;0;0;0;0;0;0;0;0;0;0;0;0;0;0;Pre-Season;0;0;0;0;0;0;0;0;0;0
8384;1968;10;6;The Forum;0;118;122;0;0;0;0;0;0;0;0;0;0;0;0;;;;0;0;0;0;0;0;0;0;0;0;0;0;0;0;0;0;0;0;0;0;0;0;0;0;Pre-Season;0;0;0;0;0;0;0;0;0;0
